<?xml version="1.0" encoding="UTF-8"?>
<metadata xml:lang="de"><Esri><CreaDate>20191130</CreaDate><CreaTime>18463700</CreaTime><ArcGISFormat>1.0</ArcGISFormat><SyncOnce>TRUE</SyncOnce><DataProperties><itemProps><itemLocation><linkage Sync="TRUE">file://\\dbfz-clu01-dfs.leipzig.dbfz.de\dfsroot\GIS\Geodaten\Europa\Deutschland\_Grenzen\Deutschland_Landkreise2011_BasisDLM</linkage><protocol Sync="TRUE">Local Area Network</protocol></itemLocation></itemProps><copyHistory><copy source="S:\GIS\Geodaten\Europa\Deutschland\_BasisDLM\Verwaltungsgebiete\Deutschland_Landkreise2011_BasisDLM" dest="\\dbfz-clu01-dfs.leipzig.dbfz.de\dfsroot\GIS\Geodaten\Europa\Deutschland\_Grenzen\Deutschland_Landkreise2011_BasisDLM" date="20110923" time="09282300"></copy></copyHistory></DataProperties></Esri></metadata>
