<?xml version="1.0" encoding="UTF-8"?>
<metadata xml:lang="de"><Esri><CreaDate>20181024</CreaDate><CreaTime>10534400</CreaTime><ArcGISFormat>1.0</ArcGISFormat><SyncOnce>FALSE</SyncOnce><DataProperties><lineage><Process ToolSource="c:\program files (x86)\arcgis\desktop10.6\ArcToolbox\Toolboxes\Data Management Tools.tbx\DeleteField" Date="20180703" Time="170912">DeleteField Betreiberdaten FID_1;anlagens_1;regelzone1;vnb_nr_1;bl_kurz_1;ort_gema_1;plz_1;strasse__1;inst_lei_1;biomasse_1;IBN_1;ABN_nach_1;vorläuf_1;gc_ags_n_1;krs_1;b_land_n_1;r_bezirk_1;kreis_nr_1;gmd_nr_1;b_land_k_1;gc_xwert_1;gc_ywert_1;gc_guete_1</Process><Process ToolSource="c:\program files (x86)\arcgis\desktop10.6\ArcToolbox\Toolboxes\Data Management Tools.tbx\Merge" Date="20180704" Time="125814">Merge Betreiberdaten;Export_Output C:\Users\manske\Documents\ArcGIS\Default.gdb\Betreiberdaten_Merge "anlagensch "anlagensch" true true false 254 Text 0 0 ,First,#,Betreiberdaten,anlagensch,-1,-1,Export_Output,anlagensch,-1,-1;regelzone_ "regelzone_" true true false 254 Text 0 0 ,First,#,Betreiberdaten,regelzone_,-1,-1,Export_Output,regelzone_,-1,-1;vnb_nr "vnb_nr" true true false 19 Double 0 0 ,First,#,Betreiberdaten,vnb_nr,-1,-1,Export_Output,vnb_nr,-1,-1;bl_kurz "bl_kurz" true true false 254 Text 0 0 ,First,#,Betreiberdaten,bl_kurz,-1,-1,Export_Output,bl_kurz,-1,-1;ort_gemark "ort_gemark" true true false 254 Text 0 0 ,First,#,Betreiberdaten,ort_gemark,-1,-1,Export_Output,ort_gemark,-1,-1;plz "plz" true true false 254 Text 0 0 ,First,#,Betreiberdaten,plz,-1,-1,Export_Output,plz,-1,-1;strasse_fl "strasse_fl" true true false 254 Text 0 0 ,First,#,Betreiberdaten,strasse_fl,-1,-1,Export_Output,strasse_fl,-1,-1;inst_leist "inst_leist" true true false 19 Double 0 0 ,First,#,Betreiberdaten,inst_leist,-1,-1,Export_Output,inst_leist,-1,-1;biomasse "biomasse" true true false 254 Text 0 0 ,First,#,Betreiberdaten,biomasse,-1,-1,Export_Output,biomasse,-1,-1;IBN "IBN" true true false 19 Double 0 0 ,First,#,Betreiberdaten,IBN,-1,-1,Export_Output,IBN,-1,-1;ABN_nach_E "ABN_nach_E" true true false 19 Double 0 0 ,First,#,Betreiberdaten,ABN_nach_E,-1,-1,Export_Output,ABN_nach_E,-1,-1;vorläufig "vorläufig" true true false 254 Text 0 0 ,First,#,Betreiberdaten,vorläufig,-1,-1,Export_Output,vorläufig,-1,-1;gc_ags_nr "gc_ags_nr" true true false 254 Text 0 0 ,First,#,Betreiberdaten,gc_ags_nr,-1,-1,Export_Output,gc_ags_nr,-1,-1;krs "krs" true true false 254 Text 0 0 ,First,#,Betreiberdaten,krs,-1,-1;b_land_nr "b_land_nr" true true false 254 Text 0 0 ,First,#,Betreiberdaten,b_land_nr,-1,-1,Export_Output,b_land_nr,-1,-1;r_bezirk_n "r_bezirk_n" true true false 254 Text 0 0 ,First,#,Betreiberdaten,r_bezirk_n,-1,-1,Export_Output,r_bezirk_n,-1,-1;kreis_nr "kreis_nr" true true false 254 Text 0 0 ,First,#,Betreiberdaten,kreis_nr,-1,-1,Export_Output,kreis_nr,-1,-1;gmd_nr "gmd_nr" true true false 254 Text 0 0 ,First,#,Betreiberdaten,gmd_nr,-1,-1,Export_Output,gmd_nr,-1,-1;b_land_kur "b_land_kur" true true false 254 Text 0 0 ,First,#,Betreiberdaten,b_land_kur,-1,-1,Export_Output,b_land_kur,-1,-1;gc_xwert "gc_xwert" true true false 19 Double 0 0 ,First,#,Betreiberdaten,gc_xwert,-1,-1,Export_Output,gc_xwert,-1,-1;gc_ywert "gc_ywert" true true false 19 Double 0 0 ,First,#,Betreiberdaten,gc_ywert,-1,-1,Export_Output,gc_ywert,-1,-1;gc_guete "gc_guete" true true false 19 Double 0 0 ,First,#,Betreiberdaten,gc_guete,-1,-1,Export_Output,gc_guete,-1,-1;CLC_Class "CLC_Class" true true false 19 Double 0 0 ,First,#,Betreiberdaten,CLC_Class,-1,-1;FID_ "FID_" true true false 19 Double 0 0 ,First,#,Export_Output,FID_,-1,-1;AGS "AGS" true true false 254 Text 0 0 ,First,#,Export_Output,AGS,-1,-1"</Process><Process ToolSource="c:\program files (x86)\arcgis\desktop10.6\ArcToolbox\Toolboxes\Analysis Tools.tbx\Near" Date="20181012" Time="140736">Near Bioenergie_ETRS89_LAEA_2015 CLC_Area_2012_Deutschland_sharp;CLC_Area_2006_Deutschland_sharp;CLC_Area_2000_Deutschland_sharp;CLC_Area_1990_Deutschland_sharp # NO_LOCATION NO_ANGLE GEODESIC</Process><Process ToolSource="c:\program files (x86)\arcgis\desktop10.6\ArcToolbox\Toolboxes\Analysis Tools.tbx\Near" Date="20181012" Time="141228">Near Bioenergie_ETRS89_LAEA_2015 CLC_Area_1990_Deutschland_sharp # NO_LOCATION NO_ANGLE GEODESIC</Process><Process ToolSource="c:\program files (x86)\arcgis\desktop10.6\ArcToolbox\Toolboxes\Data Management Tools.tbx\CalculateField" Date="20181012" Time="141757">CalculateField Bioenergie_ETRS89_LAEA_2015 DIST_90 [NEAR_DIST]/1000 VB #</Process><Process ToolSource="c:\program files (x86)\arcgis\desktop10.6\ArcToolbox\Toolboxes\Data Management Tools.tbx\CalculateField" Date="20181012" Time="141830">CalculateField Bioenergie_ETRS89_LAEA_2015 DIST_90 [NEAR_DIST]/1000 VB #</Process><Process ToolSource="c:\program files (x86)\arcgis\desktop10.6\ArcToolbox\Toolboxes\Analysis Tools.tbx\Near" Date="20181012" Time="141948">Near Bioenergie_ETRS89_LAEA_2015 CLC_Area_2000_Deutschland_sharp # NO_LOCATION NO_ANGLE GEODESIC</Process><Process ToolSource="c:\program files (x86)\arcgis\desktop10.6\ArcToolbox\Toolboxes\Data Management Tools.tbx\CalculateField" Date="20181012" Time="142203">CalculateField Bioenergie_ETRS89_LAEA_2015 CLC11_90 [DIST_90] VB #</Process><Process ToolSource="c:\program files (x86)\arcgis\desktop10.6\ArcToolbox\Toolboxes\Data Management Tools.tbx\CalculateField" Date="20181012" Time="142253">CalculateField Bioenergie_ETRS89_LAEA_2015 CLC11_90 [DIST_90] VB #</Process><Process ToolSource="c:\program files (x86)\arcgis\desktop10.6\ArcToolbox\Toolboxes\Data Management Tools.tbx\CalculateField" Date="20181012" Time="142417">CalculateField Bioenergie_ETRS89_LAEA_2015 CLC11_00 [NEAR_DIST]/1000 VB #</Process><Process ToolSource="c:\program files (x86)\arcgis\desktop10.6\ArcToolbox\Toolboxes\Analysis Tools.tbx\Near" Date="20181012" Time="142626">Near Bioenergie_ETRS89_LAEA_2015 CLC_Area_2006_Deutschland_sharp # NO_LOCATION NO_ANGLE GEODESIC</Process><Process ToolSource="c:\program files (x86)\arcgis\desktop10.6\ArcToolbox\Toolboxes\Data Management Tools.tbx\CalculateField" Date="20181012" Time="142832">CalculateField Bioenergie_ETRS89_LAEA_2015 CLC11_06 [CLC11_06]/1000 VB #</Process><Process ToolSource="c:\program files (x86)\arcgis\desktop10.6\ArcToolbox\Toolboxes\Data Management Tools.tbx\CalculateField" Date="20181012" Time="142859">CalculateField Bioenergie_ETRS89_LAEA_2015 CLC11_06 [NEAR_DIST]/1000 VB #</Process><Process ToolSource="c:\program files (x86)\arcgis\desktop10.6\ArcToolbox\Toolboxes\Analysis Tools.tbx\Near" Date="20181012" Time="143322">Near Bioenergie_ETRS89_LAEA_2015 CLC_Area_2012_Deutschland_sharp # NO_LOCATION NO_ANGLE GEODESIC</Process><Process ToolSource="c:\program files (x86)\arcgis\desktop10.6\ArcToolbox\Toolboxes\Data Management Tools.tbx\CalculateField" Date="20181012" Time="143425">CalculateField Bioenergie_ETRS89_LAEA_2015 CLC11_12 "[NEAR_DIST] /1000" VB #</Process><Process ToolSource="c:\program files (x86)\arcgis\desktop10.6\ArcToolbox\Toolboxes\Analysis Tools.tbx\Near" Date="20181012" Time="152142">Near Bioenergie_ETRS89_LAEA_2015 CLC_Area_1990_Deutschland_sharp # NO_LOCATION NO_ANGLE GEODESIC</Process><Process ToolSource="c:\program files (x86)\arcgis\desktop10.6\ArcToolbox\Toolboxes\Data Management Tools.tbx\CalculateField" Date="20181012" Time="152944">CalculateField Bioenergie_ETRS89_LAEA_2015 CLC12_90 "[NEAR_DIST] /1000" VB #</Process><Process ToolSource="c:\program files (x86)\arcgis\desktop10.6\ArcToolbox\Toolboxes\Analysis Tools.tbx\Near" Date="20181012" Time="162326">Near Bioenergie_ETRS89_LAEA_2015 CLC_Area_2000_Deutschland_sharp # NO_LOCATION NO_ANGLE GEODESIC</Process><Process ToolSource="c:\program files (x86)\arcgis\desktop10.6\ArcToolbox\Toolboxes\Data Management Tools.tbx\CalculateField" Date="20181015" Time="102632">CalculateField Bioenergie_ETRS89_LAEA_2015 CLC12_00 "[NEAR_DIST] /1000" VB #</Process><Process ToolSource="c:\program files (x86)\arcgis\desktop10.6\ArcToolbox\Toolboxes\Data Management Tools.tbx\DeleteField" Date="20181017" Time="155528">DeleteField Bioenergie_ETRS89_LAEA_2015 NEAR_FID;NEAR_DIST;CLC11_90;CLC11_00;CLC11_06;CLC11_12;CLC12_90;CLC12_00;CLC12_06</Process><Process ToolSource="c:\program files (x86)\arcgis\desktop10.6\ArcToolbox\Toolboxes\Data Management Tools.tbx\CalculateField" Date="20181106" Time="101530">CalculateField BIOE_ETRS89_LAEA_2015 TECH bioenergy VB #</Process><Process ToolSource="c:\program files (x86)\arcgis\desktop10.6\ArcToolbox\Toolboxes\Data Management Tools.tbx\CalculateField" Date="20181106" Time="101615">CalculateField BIOE_ETRS89_LAEA_2015 TECH "bioenergy" VB #</Process><Process ToolSource="c:\program files (x86)\arcgis\desktop10.6\ArcToolbox\Toolboxes\Data Management Tools.tbx\CalculateField" Date="20181106" Time="101700">CalculateField BIOE_ETRS89_LAEA_2015 YEAR_COMIS [IBN] VB #</Process><Process ToolSource="c:\program files (x86)\arcgis\desktop10.6\ArcToolbox\Toolboxes\Data Management Tools.tbx\CalculateField" Date="20181106" Time="101716">CalculateField BIOE_ETRS89_LAEA_2015 POWER_kW [inst_leist] VB #</Process><Process ToolSource="c:\program files (x86)\arcgis\desktop10.6\ArcToolbox\Toolboxes\Data Management Tools.tbx\CalculateField" Date="20181106" Time="102550">CalculateField BIOE_ETRS89_LAEA_2015 SOURCE "biogas" VB #</Process><Process ToolSource="c:\program files (x86)\arcgis\desktop10.6\ArcToolbox\Toolboxes\Data Management Tools.tbx\CalculateField" Date="20181106" Time="102929">CalculateField BIOE_ETRS89_LAEA_2015 SOURCE "solid" VB #</Process><Process ToolSource="c:\program files (x86)\arcgis\desktop10.6\ArcToolbox\Toolboxes\Data Management Tools.tbx\CalculateField" Date="20181106" Time="103031">CalculateField BIOE_ETRS89_LAEA_2015 SOURCE "plant oil" VB #</Process><Process ToolSource="c:\program files (x86)\arcgis\desktop10.6\ArcToolbox\Toolboxes\Data Management Tools.tbx\CalculateField" Date="20181106" Time="103223">CalculateField BIOE_ETRS89_LAEA_2015 SOURCE "biomethan" VB #</Process><Process ToolSource="c:\program files (x86)\arcgis\desktop10.6\ArcToolbox\Toolboxes\Data Management Tools.tbx\CalculateField" Date="20181106" Time="103309">CalculateField BIOE_ETRS89_LAEA_2015 SOURCE "NA" VB #</Process><Process ToolSource="c:\program files (x86)\arcgis\desktop10.6\ArcToolbox\Toolboxes\Data Management Tools.tbx\DeleteField" Date="20181106" Time="104025">DeleteField BIOE_ETRS89_LAEA_2015 anlagensch;regelzone_;vnb_nr;bl_kurz;ort_gemark;plz;strasse_fl;inst_leist;biomasse;IBN;ABN_nach_E;vorläufig;gc_ags_nr;krs;b_land_nr;r_bezirk_n;kreis_nr;gmd_nr;b_land_kur;gc_xwert;gc_ywert;gc_guete</Process><Process ToolSource="c:\program files (x86)\arcgis\desktop10.6\ArcToolbox\Toolboxes\Data Management Tools.tbx\CalculateField" Date="20181213" Time="135359">CalculateField bioenergy Technology [TECH] VB #</Process><Process ToolSource="c:\program files (x86)\arcgis\desktop10.6\ArcToolbox\Toolboxes\Data Management Tools.tbx\CalculateField" Date="20181213" Time="135424">CalculateField bioenergy Year [YEAR_COMIS] VB #</Process><Process ToolSource="c:\program files (x86)\arcgis\desktop10.6\ArcToolbox\Toolboxes\Data Management Tools.tbx\CalculateField" Date="20181213" Time="135505">CalculateField bioenergy Power_kW_1 [POWER_kW] VB #</Process><Process ToolSource="c:\program files (x86)\arcgis\desktop10.6\ArcToolbox\Toolboxes\Data Management Tools.tbx\CalculateField" Date="20181213" Time="135529">CalculateField bioenergy Power_kW_2 [POWER_kW] VB #</Process><Process ToolSource="c:\program files (x86)\arcgis\desktop10.6\ArcToolbox\Toolboxes\Data Management Tools.tbx\CalculateField" Date="20181213" Time="135556">CalculateField bioenergy Power_kW [Power_kW_2] VB #</Process><Process ToolSource="c:\program files (x86)\arcgis\desktop10.6\ArcToolbox\Toolboxes\Data Management Tools.tbx\CalculateField" Date="20181213" Time="135633">CalculateField bioenergy Source_1 [SOURCE] VB #</Process><Process ToolSource="c:\program files (x86)\arcgis\desktop10.6\ArcToolbox\Toolboxes\Data Management Tools.tbx\CalculateField" Date="20181213" Time="135708">CalculateField bioenergy Source [Source_1] VB #</Process><Process ToolSource="c:\program files (x86)\arcgis\desktop10.6\ArcToolbox\Toolboxes\Data Management Tools.tbx\CalculateField" Date="20181213" Time="135744">CalculateField bioenergy X [X_coord] VB #</Process><Process ToolSource="c:\program files (x86)\arcgis\desktop10.6\ArcToolbox\Toolboxes\Data Management Tools.tbx\CalculateField" Date="20181213" Time="135753">CalculateField bioenergy Y [Y_coord] VB #</Process><Process ToolSource="c:\program files (x86)\arcgis\desktop10.6\ArcToolbox\Toolboxes\Data Management Tools.tbx\CalculateField" Date="20181213" Time="135832">CalculateField bioenergy X_coord [X] VB #</Process><Process ToolSource="c:\program files (x86)\arcgis\desktop10.6\ArcToolbox\Toolboxes\Data Management Tools.tbx\CalculateField" Date="20181213" Time="135846">CalculateField bioenergy Y_coord [Y] VB #</Process><Process ToolSource="c:\program files (x86)\arcgis\desktop10.6\ArcToolbox\Toolboxes\Data Management Tools.tbx\CalculateField" Date="20181213" Time="135907">CalculateField bioenergy Y_coord [Y] VB #</Process><Process ToolSource="c:\program files (x86)\arcgis\desktop10.6\ArcToolbox\Toolboxes\Data Management Tools.tbx\CalculateField" Date="20190104" Time="132519">CalculateField bioenergy Source "liquid" VB #</Process></lineage><itemProps><itemName Sync="TRUE">Betreiberdaten_Merge</itemName><imsContentType Sync="TRUE">002</imsContentType><itemLocation><linkage Sync="TRUE">file://\\intranet.ufz.de\dfs\Gruppen\energy\EE-Monitor\02_EE_Monitor_Projekt_data\raeumlicheAnalyse\Raummonitoring Basisdaten\01_Anlagenstandorte\_geodata_paper\BIOE_ETRS89_LAEA_2015</linkage><protocol Sync="TRUE">Local Area Network</protocol></itemLocation></itemProps><coordRef><type Sync="TRUE">Projected</type><geogcsn Sync="TRUE">GCS_ETRS_1989</geogcsn><csUnits Sync="TRUE">Linear Unit: Meter (1.000000)</csUnits><projcsn Sync="TRUE">ETRS_1989_LAEA</projcsn><peXml Sync="TRUE">&lt;ProjectedCoordinateSystem xsi:type='typens:ProjectedCoordinateSystem' xmlns:xsi='http://www.w3.org/2001/XMLSchema-instance' xmlns:xs='http://www.w3.org/2001/XMLSchema' xmlns:typens='http://www.esri.com/schemas/ArcGIS/10.6'&gt;&lt;WKT&gt;PROJCS[&amp;quot;ETRS_1989_LAEA&amp;quot;,GEOGCS[&amp;quot;GCS_ETRS_1989&amp;quot;,DATUM[&amp;quot;D_ETRS_1989&amp;quot;,SPHEROID[&amp;quot;GRS_1980&amp;quot;,6378137.0,298.257222101]],PRIMEM[&amp;quot;Greenwich&amp;quot;,0.0],UNIT[&amp;quot;Degree&amp;quot;,0.0174532925199433]],PROJECTION[&amp;quot;Lambert_Azimuthal_Equal_Area&amp;quot;],PARAMETER[&amp;quot;False_Easting&amp;quot;,4321000.0],PARAMETER[&amp;quot;False_Northing&amp;quot;,3210000.0],PARAMETER[&amp;quot;Central_Meridian&amp;quot;,10.0],PARAMETER[&amp;quot;Latitude_Of_Origin&amp;quot;,52.0],UNIT[&amp;quot;Meter&amp;quot;,1.0],AUTHORITY[&amp;quot;EPSG&amp;quot;,3035]]&lt;/WKT&gt;&lt;XOrigin&gt;-8426600&lt;/XOrigin&gt;&lt;YOrigin&gt;-9526700&lt;/YOrigin&gt;&lt;XYScale&gt;10000&lt;/XYScale&gt;&lt;ZOrigin&gt;-100000&lt;/ZOrigin&gt;&lt;ZScale&gt;10000&lt;/ZScale&gt;&lt;MOrigin&gt;-100000&lt;/MOrigin&gt;&lt;MScale&gt;10000&lt;/MScale&gt;&lt;XYTolerance&gt;0.001&lt;/XYTolerance&gt;&lt;ZTolerance&gt;0.001&lt;/ZTolerance&gt;&lt;MTolerance&gt;0.001&lt;/MTolerance&gt;&lt;HighPrecision&gt;true&lt;/HighPrecision&gt;&lt;WKID&gt;3035&lt;/WKID&gt;&lt;LatestWKID&gt;3035&lt;/LatestWKID&gt;&lt;/ProjectedCoordinateSystem&gt;</peXml></coordRef><copyHistory><copy source="Y:\Gruppen\energy\EE-Monitor\02_EE_Monitor_Projekt_data\raeumlicheAnalyse\Raummonitoring Basisdaten\01_Anlagenstandorte\BIOE_ETRS89_LAEA_2015" dest="\\intranet.ufz.de\dfs\Gruppen\energy\EE-Monitor\02_EE_Monitor_Projekt_data\raeumlicheAnalyse\Raummonitoring Basisdaten\01_Anlagenstandorte\_geodata_paper\BIOE_ETRS89_LAEA_2015" date="20181024" time="10534400"></copy></copyHistory></DataProperties><SyncDate>20180704</SyncDate><SyncTime>12580700</SyncTime><ModDate>20180704</ModDate><ModTime>12580700</ModTime><ArcGISstyle>ISO 19139 Metadata Implementation Specification</ArcGISstyle></Esri><dataIdInfo><envirDesc Sync="TRUE">Microsoft Windows 7 Version 6.1 (Build 7601) Service Pack 1; Esri ArcGIS 10.6.0.8321</envirDesc><dataLang><languageCode value="deu" Sync="TRUE"></languageCode><countryCode value="DEU" Sync="TRUE"></countryCode></dataLang><idCitation><resTitle Sync="TRUE">Betreiberdaten_Merge</resTitle><presForm><PresFormCd value="005" Sync="TRUE"></PresFormCd></presForm></idCitation><spatRpType><SpatRepTypCd value="001" Sync="TRUE"></SpatRepTypCd></spatRpType></dataIdInfo><mdLang><languageCode value="deu" Sync="TRUE"></languageCode><countryCode value="DEU" Sync="TRUE"></countryCode></mdLang><distInfo><distFormat><formatName Sync="TRUE">File Geodatabase Feature Class</formatName></distFormat></distInfo><mdHrLv><ScopeCd value="005" Sync="TRUE"></ScopeCd></mdHrLv><mdHrLvName Sync="TRUE">dataset</mdHrLvName><refSysInfo><RefSystem><refSysID><identCode code="3035" Sync="TRUE"></identCode><idCodeSpace Sync="TRUE">EPSG</idCodeSpace><idVersion Sync="TRUE">8.1(9.0.0)</idVersion></refSysID></RefSystem></refSysInfo><spatRepInfo><VectSpatRep><geometObjs Name="Betreiberdaten_Merge"><geoObjTyp><GeoObjTypCd value="004" Sync="TRUE"></GeoObjTypCd></geoObjTyp><geoObjCnt Sync="TRUE">0</geoObjCnt></geometObjs><topLvl><TopoLevCd value="001" Sync="TRUE"></TopoLevCd></topLvl></VectSpatRep></spatRepInfo><spdoinfo><ptvctinf><esriterm Name="Betreiberdaten_Merge"><efeatyp Sync="TRUE">Simple</efeatyp><efeageom code="1" Sync="TRUE"></efeageom><esritopo Sync="TRUE">FALSE</esritopo><efeacnt Sync="TRUE">0</efeacnt><spindex Sync="TRUE">TRUE</spindex><linrefer Sync="TRUE">FALSE</linrefer></esriterm></ptvctinf></spdoinfo><eainfo><detailed Name="Betreiberdaten_Merge"><enttyp><enttypl Sync="TRUE">Betreiberdaten_Merge</enttypl><enttypt Sync="TRUE">Feature Class</enttypt><enttypc Sync="TRUE">0</enttypc></enttyp><attr><attrlabl Sync="TRUE">OBJECTID</attrlabl><attalias Sync="TRUE">OBJECTID</attalias><attrtype Sync="TRUE">OID</attrtype><attwidth Sync="TRUE">4</attwidth><atprecis Sync="TRUE">0</atprecis><attscale Sync="TRUE">0</attscale><attrdef Sync="TRUE">Internal feature number.</attrdef><attrdefs Sync="TRUE">Esri</attrdefs><attrdomv><udom Sync="TRUE">Sequential unique whole numbers that are automatically generated.</udom></attrdomv></attr><attr><attrlabl Sync="TRUE">Shape</attrlabl><attalias Sync="TRUE">Shape</attalias><attrtype Sync="TRUE">Geometry</attrtype><attwidth Sync="TRUE">0</attwidth><atprecis Sync="TRUE">0</atprecis><attscale Sync="TRUE">0</attscale><attrdef Sync="TRUE">Feature geometry.</attrdef><attrdefs Sync="TRUE">Esri</attrdefs><attrdomv><udom Sync="TRUE">Coordinates defining the features.</udom></attrdomv></attr><attr><attrlabl Sync="TRUE">anlagensch</attrlabl><attalias Sync="TRUE">anlagensch</attalias><attrtype Sync="TRUE">String</attrtype><attwidth Sync="TRUE">254</attwidth><atprecis Sync="TRUE">0</atprecis><attscale Sync="TRUE">0</attscale></attr><attr><attrlabl Sync="TRUE">regelzone_</attrlabl><attalias Sync="TRUE">regelzone_</attalias><attrtype Sync="TRUE">String</attrtype><attwidth Sync="TRUE">254</attwidth><atprecis Sync="TRUE">0</atprecis><attscale Sync="TRUE">0</attscale></attr><attr><attrlabl Sync="TRUE">vnb_nr</attrlabl><attalias Sync="TRUE">vnb_nr</attalias><attrtype Sync="TRUE">Double</attrtype><attwidth Sync="TRUE">8</attwidth><atprecis Sync="TRUE">0</atprecis><attscale Sync="TRUE">0</attscale></attr><attr><attrlabl Sync="TRUE">bl_kurz</attrlabl><attalias Sync="TRUE">bl_kurz</attalias><attrtype Sync="TRUE">String</attrtype><attwidth Sync="TRUE">254</attwidth><atprecis Sync="TRUE">0</atprecis><attscale Sync="TRUE">0</attscale></attr><attr><attrlabl Sync="TRUE">ort_gemark</attrlabl><attalias Sync="TRUE">ort_gemark</attalias><attrtype Sync="TRUE">String</attrtype><attwidth Sync="TRUE">254</attwidth><atprecis Sync="TRUE">0</atprecis><attscale Sync="TRUE">0</attscale></attr><attr><attrlabl Sync="TRUE">plz</attrlabl><attalias Sync="TRUE">plz</attalias><attrtype Sync="TRUE">String</attrtype><attwidth Sync="TRUE">254</attwidth><atprecis Sync="TRUE">0</atprecis><attscale Sync="TRUE">0</attscale></attr><attr><attrlabl Sync="TRUE">strasse_fl</attrlabl><attalias Sync="TRUE">strasse_fl</attalias><attrtype Sync="TRUE">String</attrtype><attwidth Sync="TRUE">254</attwidth><atprecis Sync="TRUE">0</atprecis><attscale Sync="TRUE">0</attscale></attr><attr><attrlabl Sync="TRUE">inst_leist</attrlabl><attalias Sync="TRUE">inst_leist</attalias><attrtype Sync="TRUE">Double</attrtype><attwidth Sync="TRUE">8</attwidth><atprecis Sync="TRUE">0</atprecis><attscale Sync="TRUE">0</attscale></attr><attr><attrlabl Sync="TRUE">biomasse</attrlabl><attalias Sync="TRUE">biomasse</attalias><attrtype Sync="TRUE">String</attrtype><attwidth Sync="TRUE">254</attwidth><atprecis Sync="TRUE">0</atprecis><attscale Sync="TRUE">0</attscale></attr><attr><attrlabl Sync="TRUE">IBN</attrlabl><attalias Sync="TRUE">IBN</attalias><attrtype Sync="TRUE">Double</attrtype><attwidth Sync="TRUE">8</attwidth><atprecis Sync="TRUE">0</atprecis><attscale Sync="TRUE">0</attscale></attr><attr><attrlabl Sync="TRUE">ABN_nach_E</attrlabl><attalias Sync="TRUE">ABN_nach_E</attalias><attrtype Sync="TRUE">Double</attrtype><attwidth Sync="TRUE">8</attwidth><atprecis Sync="TRUE">0</atprecis><attscale Sync="TRUE">0</attscale></attr><attr><attrlabl Sync="TRUE">vorläufig</attrlabl><attalias Sync="TRUE">vorläufig</attalias><attrtype Sync="TRUE">String</attrtype><attwidth Sync="TRUE">254</attwidth><atprecis Sync="TRUE">0</atprecis><attscale Sync="TRUE">0</attscale></attr><attr><attrlabl Sync="TRUE">gc_ags_nr</attrlabl><attalias Sync="TRUE">gc_ags_nr</attalias><attrtype Sync="TRUE">String</attrtype><attwidth Sync="TRUE">254</attwidth><atprecis Sync="TRUE">0</atprecis><attscale Sync="TRUE">0</attscale></attr><attr><attrlabl Sync="TRUE">krs</attrlabl><attalias Sync="TRUE">krs</attalias><attrtype Sync="TRUE">String</attrtype><attwidth Sync="TRUE">254</attwidth><atprecis Sync="TRUE">0</atprecis><attscale Sync="TRUE">0</attscale></attr><attr><attrlabl Sync="TRUE">b_land_nr</attrlabl><attalias Sync="TRUE">b_land_nr</attalias><attrtype Sync="TRUE">String</attrtype><attwidth Sync="TRUE">254</attwidth><atprecis Sync="TRUE">0</atprecis><attscale Sync="TRUE">0</attscale></attr><attr><attrlabl Sync="TRUE">r_bezirk_n</attrlabl><attalias Sync="TRUE">r_bezirk_n</attalias><attrtype Sync="TRUE">String</attrtype><attwidth Sync="TRUE">254</attwidth><atprecis Sync="TRUE">0</atprecis><attscale Sync="TRUE">0</attscale></attr><attr><attrlabl Sync="TRUE">kreis_nr</attrlabl><attalias Sync="TRUE">kreis_nr</attalias><attrtype Sync="TRUE">String</attrtype><attwidth Sync="TRUE">254</attwidth><atprecis Sync="TRUE">0</atprecis><attscale Sync="TRUE">0</attscale></attr><attr><attrlabl Sync="TRUE">gmd_nr</attrlabl><attalias Sync="TRUE">gmd_nr</attalias><attrtype Sync="TRUE">String</attrtype><attwidth Sync="TRUE">254</attwidth><atprecis Sync="TRUE">0</atprecis><attscale Sync="TRUE">0</attscale></attr><attr><attrlabl Sync="TRUE">b_land_kur</attrlabl><attalias Sync="TRUE">b_land_kur</attalias><attrtype Sync="TRUE">String</attrtype><attwidth Sync="TRUE">254</attwidth><atprecis Sync="TRUE">0</atprecis><attscale Sync="TRUE">0</attscale></attr><attr><attrlabl Sync="TRUE">gc_xwert</attrlabl><attalias Sync="TRUE">gc_xwert</attalias><attrtype Sync="TRUE">Double</attrtype><attwidth Sync="TRUE">8</attwidth><atprecis Sync="TRUE">0</atprecis><attscale Sync="TRUE">0</attscale></attr><attr><attrlabl Sync="TRUE">gc_ywert</attrlabl><attalias Sync="TRUE">gc_ywert</attalias><attrtype Sync="TRUE">Double</attrtype><attwidth Sync="TRUE">8</attwidth><atprecis Sync="TRUE">0</atprecis><attscale Sync="TRUE">0</attscale></attr><attr><attrlabl Sync="TRUE">gc_guete</attrlabl><attalias Sync="TRUE">gc_guete</attalias><attrtype Sync="TRUE">Double</attrtype><attwidth Sync="TRUE">8</attwidth><atprecis Sync="TRUE">0</atprecis><attscale Sync="TRUE">0</attscale></attr><attr><attrlabl Sync="TRUE">CLC_Class</attrlabl><attalias Sync="TRUE">CLC_Class</attalias><attrtype Sync="TRUE">Double</attrtype><attwidth Sync="TRUE">8</attwidth><atprecis Sync="TRUE">0</atprecis><attscale Sync="TRUE">0</attscale></attr><attr><attrlabl Sync="TRUE">FID_</attrlabl><attalias Sync="TRUE">FID_</attalias><attrtype Sync="TRUE">Double</attrtype><attwidth Sync="TRUE">8</attwidth><atprecis Sync="TRUE">0</atprecis><attscale Sync="TRUE">0</attscale></attr><attr><attrlabl Sync="TRUE">AGS</attrlabl><attalias Sync="TRUE">AGS</attalias><attrtype Sync="TRUE">String</attrtype><attwidth Sync="TRUE">254</attwidth><atprecis Sync="TRUE">0</atprecis><attscale Sync="TRUE">0</attscale></attr></detailed></eainfo><mdDateSt Sync="TRUE">20180704</mdDateSt></metadata>
