<?xml version="1.0" encoding="UTF-8"?>
<metadata xml:lang="de"><Esri><CreaDate>20190116</CreaDate><CreaTime>11412000</CreaTime><ArcGISFormat>1.0</ArcGISFormat><ArcGISstyle>ISO 19139 Metadata Implementation Specification</ArcGISstyle><SyncOnce>TRUE</SyncOnce><DataProperties><itemProps><itemLocation><linkage Sync="TRUE">file://\\intranet.ufz.de\dfs\Gruppen\energy\EE-Monitor\02_EE_Monitor_Projekt_data\raeumlicheAnalyse\Raummonitoring Basisdaten\01_Anlagenstandorte\WAKA_ETRS89_LAEA_2017</linkage><protocol Sync="TRUE">Local Area Network</protocol></itemLocation></itemProps><copyHistory><copy source="Y:\Gruppen\energy\EE-Monitor\02_EE_Monitor_Projekt_data\raeumlicheAnalyse\David\WAKA\WASSER_Geodaten\WAKA_ETRS89_LAEA_2017" dest="\\intranet.ufz.de\dfs\Gruppen\energy\EE-Monitor\02_EE_Monitor_Projekt_data\raeumlicheAnalyse\Raummonitoring Basisdaten\01_Anlagenstandorte\WAKA_ETRS89_LAEA_2017" date="20190116" time="11002800"></copy></copyHistory><lineage><Process ToolSource="c:\program files (x86)\arcgis\desktop10.6\ArcToolbox\Toolboxes\Data Management Tools.tbx\DeleteField" Date="20190116" Time="114311">DeleteField hydropower_new anlagensch;plz;NAME;ort_gemark;strasse_fl;bl_kurz;inbetriebn;Datenquell;Adressenqu;x;y;grwkid;notinbnetz;'new field name'</Process><Process ToolSource="c:\program files (x86)\arcgis\desktop10.6\ArcToolbox\Toolboxes\Data Management Tools.tbx\CalculateField" Date="20190116" Time="114724">CalculateField hydropower_new Technology "hydropower" VB #</Process><Process ToolSource="c:\program files (x86)\arcgis\desktop10.6\ArcToolbox\Toolboxes\Data Management Tools.tbx\CalculateField" Date="20190116" Time="114742">CalculateField hydropower_new Year1 [Year] VB #</Process><Process ToolSource="c:\program files (x86)\arcgis\desktop10.6\ArcToolbox\Toolboxes\Data Management Tools.tbx\CalculateField" Date="20190116" Time="114758">CalculateField hydropower_new Year [Year1] VB #</Process><Process ToolSource="c:\program files (x86)\arcgis\desktop10.6\ArcToolbox\Toolboxes\Data Management Tools.tbx\CalculateField" Date="20190116" Time="114815">CalculateField hydropower_new Power_kW [inst_leist] VB #</Process></lineage></DataProperties></Esri></metadata>
