<metadata xml:lang="de"><Esri><CreaDate>20190116</CreaDate><CreaTime>12043300</CreaTime><ArcGISFormat>1.0</ArcGISFormat><ArcGISstyle>ISO 19139 Metadata Implementation Specification</ArcGISstyle><SyncOnce>FALSE</SyncOnce><DataProperties><lineage><Process ToolSource="c:\program files (x86)\arcgis\desktop10.6\ArcToolbox\Toolboxes\Data Management Tools.tbx\CalculateField" Date="20190115" Time="124141">CalculateField PVFA_ETRS89_LAEA_2015_ohne_NULL_Jahre Power_MW [Leistung]/1000 VB #</Process><Process ToolSource="c:\program files (x86)\arcgis\desktop10.6\ArcToolbox\Toolboxes\Data Management Tools.tbx\CalculateField" Date="20190115" Time="124241">CalculateField PVFA_ETRS89_LAEA_2015_ohne_NULL_Jahre MW_ha "[MW_ha] / [Flaeche_ha]" VB #</Process><Process ToolSource="c:\program files (x86)\arcgis\desktop10.6\ArcToolbox\Toolboxes\Data Management Tools.tbx\CalculateField" Date="20190115" Time="124259">CalculateField PVFA_ETRS89_LAEA_2015_ohne_NULL_Jahre MW_ha "[Power_MW] / [Flaeche_ha]" VB #</Process><Process ToolSource="c:\program files (x86)\arcgis\desktop10.6\ArcToolbox\Toolboxes\Data Management Tools.tbx\CalculateField" Date="20190115" Time="124622">CalculateField PVFA_ETRS89_LAEA_2015_ohne_NULL_Jahre MW_ha "[Power_MW] / [Flaeche_ha]" VB #</Process><Process ToolSource="c:\program files (x86)\arcgis\desktop10.6\ArcToolbox\Toolboxes\Data Management Tools.tbx\CalculateField" Date="20190116" Time="120132">CalculateField photovoltaics_open-field_new Technology "photovoltaics open-field" VB #</Process><Process ToolSource="c:\program files (x86)\arcgis\desktop10.6\ArcToolbox\Toolboxes\Data Management Tools.tbx\CalculateField" Date="20190116" Time="120140">CalculateField photovoltaics_open-field_new Year [InbetrJahr] VB #</Process><Process ToolSource="c:\program files (x86)\arcgis\desktop10.6\ArcToolbox\Toolboxes\Data Management Tools.tbx\CalculateField" Date="20190116" Time="120157">CalculateField photovoltaics_open-field_new Power_kW [Leistung] VB #</Process><Process ToolSource="c:\program files (x86)\arcgis\desktop10.6\ArcToolbox\Toolboxes\Data Management Tools.tbx\Project" Date="20190116" Time="120434">Project photovoltaics_open-field_new "Y:\Gruppen\energy\EE-Monitor\02_EE_Monitor_Projekt_data\raeumlicheAnalyse\Raummonitoring Basisdaten\01_Anlagenstandorte\_geodata_paper\photovoltaics_open-field_new1.shp" PROJCS['ETRS_1989_LAEA',GEOGCS['GCS_ETRS_1989',DATUM['D_ETRS_1989',SPHEROID['GRS_1980',6378137.0,298.257222101]],PRIMEM['Greenwich',0.0],UNIT['Degree',0.0174532925199433]],PROJECTION['Lambert_Azimuthal_Equal_Area'],PARAMETER['False_Easting',4321000.0],PARAMETER['False_Northing',3210000.0],PARAMETER['Central_Meridian',10.0],PARAMETER['Latitude_Of_Origin',52.0],UNIT['Meter',1.0]] # PROJCS['Lambert_Azimuthal_Equal_Area',GEOGCS['GCS_GRS 1980(IUGG, 1980)',DATUM['D_unknown',SPHEROID['GRS80',6378137.0,298.257222101]],PRIMEM['Greenwich',0.0],UNIT['Degree',0.0174532925199433]],PROJECTION['Lambert_Azimuthal_Equal_Area'],PARAMETER['false_easting',4321000.0],PARAMETER['false_northing',3210000.0],PARAMETER['central_meridian',10.0],PARAMETER['latitude_of_origin',52.0],UNIT['Meter',1.0]] NO_PRESERVE_SHAPE # NO_VERTICAL</Process><Process ToolSource="c:\program files (x86)\arcgis\desktop10.6\ArcToolbox\Toolboxes\Data Management Tools.tbx\CalculateField" Date="20190116" Time="121431">CalculateField photovoltaics_open-field_new1 Comment "edited" VB #</Process><Process ToolSource="c:\program files (x86)\arcgis\desktop10.6\ArcToolbox\Toolboxes\Data Management Tools.tbx\CalculateField" Date="20190117" Time="104008">CalculateField photovoltaics_open-field Comment "edited; implausible area performance"
 VB #</Process><Process ToolSource="c:\program files (x86)\arcgis\desktop10.6\ArcToolbox\Toolboxes\Analysis Tools.tbx\SpatialJoin" Date="20190117" Time="104407">SpatialJoin photovoltaics_open-field PVFA_ETRS89_LAEA_2015_ohne_NULL_Jahre C:\Users\manske\Documents\ArcGIS\Default.gdb\photovoltaics_openfield_Spat JOIN_ONE_TO_ONE KEEP_COMMON "MW_ha "MW_ha" true true false 19 Double 0 0 ,First,#,photovoltaics_open-field,MW_ha,-1,-1;Technology "Technology" true true false 50 Text 0 0 ,First,#,photovoltaics_open-field,Technology,-1,-1;Year "Year" true true false 10 Long 0 10 ,First,#,photovoltaics_open-field,Year,-1,-1;Power_kW "Power_kW" true true false 19 Double 0 0 ,First,#,photovoltaics_open-field,Power_kW,-1,-1;Area_sqm "Area_sqm" true true false 19 Double 0 0 ,First,#,photovoltaics_open-field,Area_sqm,-1,-1;X_coord "X_coord" true true false 19 Double 0 0 ,First,#,photovoltaics_open-field,X_coord,-1,-1;Y_coord "Y_coord" true true false 19 Double 0 0 ,First,#,photovoltaics_open-field,Y_coord,-1,-1;Comment "Comment" true true false 50 Text 0 0 ,First,#,photovoltaics_open-field,Comment,-1,-1;bearbeitet "bearbeitet" true true false 9 Long 0 9 ,First,#,PVFA_ETRS89_LAEA_2015_ohne_NULL_Jahre,bearbeitet,-1,-1" INTERSECT # #</Process><Process ToolSource="c:\program files (x86)\arcgis\desktop10.6\ArcToolbox\Toolboxes\Conversion Tools.tbx\FeatureClassToFeatureClass" Date="20190117" Time="104603">FeatureClassToFeatureClass C:\Users\manske\Documents\ArcGIS\Default.gdb\photovoltaics_openfield_Spat "Y:\Gruppen\energy\EE-Monitor\02_EE_Monitor_Projekt_data\raeumlicheAnalyse\Raummonitoring Basisdaten\01_Anlagenstandorte\_geodata_paper" ggggg.shp # "Join_Count "Join_Count" true true false 4 Long 0 0 ,First,#,C:\Users\manske\Documents\ArcGIS\Default.gdb\photovoltaics_openfield_Spat,Join_Count,-1,-1;TARGET_FID "TARGET_FID" true true false 4 Long 0 0 ,First,#,C:\Users\manske\Documents\ArcGIS\Default.gdb\photovoltaics_openfield_Spat,TARGET_FID,-1,-1;MW_ha "MW_ha" true true false 8 Double 0 0 ,First,#,C:\Users\manske\Documents\ArcGIS\Default.gdb\photovoltaics_openfield_Spat,MW_ha,-1,-1;Technology "Technology" true true false 50 Text 0 0 ,First,#,C:\Users\manske\Documents\ArcGIS\Default.gdb\photovoltaics_openfield_Spat,Technology,-1,-1;Year "Year" true true false 4 Long 0 0 ,First,#,C:\Users\manske\Documents\ArcGIS\Default.gdb\photovoltaics_openfield_Spat,Year,-1,-1;Power_kW "Power_kW" true true false 8 Double 0 0 ,First,#,C:\Users\manske\Documents\ArcGIS\Default.gdb\photovoltaics_openfield_Spat,Power_kW,-1,-1;Area_sqm "Area_sqm" true true false 8 Double 0 0 ,First,#,C:\Users\manske\Documents\ArcGIS\Default.gdb\photovoltaics_openfield_Spat,Area_sqm,-1,-1;X_coord "X_coord" true true false 8 Double 0 0 ,First,#,C:\Users\manske\Documents\ArcGIS\Default.gdb\photovoltaics_openfield_Spat,X_coord,-1,-1;Y_coord "Y_coord" true true false 8 Double 0 0 ,First,#,C:\Users\manske\Documents\ArcGIS\Default.gdb\photovoltaics_openfield_Spat,Y_coord,-1,-1;Comment "Comment" true true false 50 Text 0 0 ,First,#,C:\Users\manske\Documents\ArcGIS\Default.gdb\photovoltaics_openfield_Spat,Comment,-1,-1;bearbeitet "bearbeitet" true true false 4 Long 0 0 ,First,#,C:\Users\manske\Documents\ArcGIS\Default.gdb\photovoltaics_openfield_Spat,bearbeitet,-1,-1" #</Process><Process ToolSource="c:\program files (x86)\arcgis\desktop10.6\ArcToolbox\Toolboxes\Data Management Tools.tbx\CalculateField" Date="20190117" Time="104854">CalculateField ggggg Comment "edited; implausible area performance"
 VB #</Process><Process ToolSource="c:\program files (x86)\arcgis\desktop10.6\ArcToolbox\Toolboxes\Data Management Tools.tbx\CalculateField" Date="20190117" Time="104927">CalculateField ggggg Comment ""
 VB #</Process><Process ToolSource="c:\program files (x86)\arcgis\desktop10.6\ArcToolbox\Toolboxes\Data Management Tools.tbx\CalculateField" Date="20190117" Time="105007">CalculateField ggggg Comment "edited; implausible area performance"
 VB #</Process><Process ToolSource="c:\program files (x86)\arcgis\desktop10.6\ArcToolbox\Toolboxes\Data Management Tools.tbx\CalculateField" Date="20190117" Time="105640">CalculateField ggggg Comment "edited"
 VB #</Process><Process ToolSource="c:\program files (x86)\arcgis\desktop10.6\ArcToolbox\Toolboxes\Data Management Tools.tbx\CalculateField" Date="20190117" Time="105836">CalculateField ggggg Comment "implausible area performance" VB #</Process><Process ToolSource="c:\program files (x86)\arcgis\desktop10.6\ArcToolbox\Toolboxes\Data Management Tools.tbx\CalculateField" Date="20190117" Time="105936">CalculateField ggggg Comment "edited; implausible area performance" VB #</Process><Process ToolSource="c:\program files (x86)\arcgis\desktop10.6\ArcToolbox\Toolboxes\Data Management Tools.tbx\CalculateField" Date="20190124" Time="150214">CalculateField photovoltaics_open-field PS [Comment] VB #</Process></lineage><itemProps><itemName Sync="TRUE">ggggg</itemName><imsContentType Sync="TRUE">002</imsContentType><itemLocation><linkage Sync="TRUE">file://\\intranet.ufz.de\dfs\Gruppen\energy\EE-Monitor\02_EE_Monitor_Projekt_data\raeumlicheAnalyse\Raummonitoring Basisdaten\01_Anlagenstandorte\_geodata_paper\ggggg.shp</linkage><protocol Sync="TRUE">Local Area Network</protocol></itemLocation><itemSize Sync="TRUE">0.000</itemSize></itemProps><coordRef><type Sync="TRUE">Projected</type><geogcsn Sync="TRUE">GCS_ETRS_1989</geogcsn><csUnits Sync="TRUE">Linear Unit: Meter (1.000000)</csUnits><projcsn Sync="TRUE">ETRS_1989_LAEA</projcsn><peXml Sync="TRUE">&lt;ProjectedCoordinateSystem xsi:type='typens:ProjectedCoordinateSystem' xmlns:xsi='http://www.w3.org/2001/XMLSchema-instance' xmlns:xs='http://www.w3.org/2001/XMLSchema' xmlns:typens='http://www.esri.com/schemas/ArcGIS/10.6'&gt;&lt;WKT&gt;PROJCS[&amp;quot;ETRS_1989_LAEA&amp;quot;,GEOGCS[&amp;quot;GCS_ETRS_1989&amp;quot;,DATUM[&amp;quot;D_ETRS_1989&amp;quot;,SPHEROID[&amp;quot;GRS_1980&amp;quot;,6378137.0,298.257222101]],PRIMEM[&amp;quot;Greenwich&amp;quot;,0.0],UNIT[&amp;quot;Degree&amp;quot;,0.0174532925199433]],PROJECTION[&amp;quot;Lambert_Azimuthal_Equal_Area&amp;quot;],PARAMETER[&amp;quot;False_Easting&amp;quot;,4321000.0],PARAMETER[&amp;quot;False_Northing&amp;quot;,3210000.0],PARAMETER[&amp;quot;Central_Meridian&amp;quot;,10.0],PARAMETER[&amp;quot;Latitude_Of_Origin&amp;quot;,52.0],UNIT[&amp;quot;Meter&amp;quot;,1.0],AUTHORITY[&amp;quot;EPSG&amp;quot;,3035]]&lt;/WKT&gt;&lt;XOrigin&gt;-8426600&lt;/XOrigin&gt;&lt;YOrigin&gt;-9526700&lt;/YOrigin&gt;&lt;XYScale&gt;353290001.83332509&lt;/XYScale&gt;&lt;ZOrigin&gt;-100000&lt;/ZOrigin&gt;&lt;ZScale&gt;10000&lt;/ZScale&gt;&lt;MOrigin&gt;-100000&lt;/MOrigin&gt;&lt;MScale&gt;10000&lt;/MScale&gt;&lt;XYTolerance&gt;0.001&lt;/XYTolerance&gt;&lt;ZTolerance&gt;0.001&lt;/ZTolerance&gt;&lt;MTolerance&gt;0.001&lt;/MTolerance&gt;&lt;HighPrecision&gt;true&lt;/HighPrecision&gt;&lt;WKID&gt;3035&lt;/WKID&gt;&lt;LatestWKID&gt;3035&lt;/LatestWKID&gt;&lt;/ProjectedCoordinateSystem&gt;</peXml></coordRef></DataProperties><SyncDate>20190117</SyncDate><SyncTime>10460100</SyncTime><ModDate>20190117</ModDate><ModTime>10460100</ModTime></Esri><dataIdInfo><envirDesc Sync="TRUE">Microsoft Windows 7 Version 6.1 (Build 7601) Service Pack 1; Esri ArcGIS 10.6.0.8321</envirDesc><dataLang><languageCode value="deu" Sync="TRUE"></languageCode><countryCode value="DEU" Sync="TRUE"></countryCode></dataLang><idCitation><resTitle Sync="TRUE">ggggg</resTitle><presForm><PresFormCd value="005" Sync="TRUE"></PresFormCd></presForm></idCitation><spatRpType><SpatRepTypCd value="001" Sync="TRUE"></SpatRepTypCd></spatRpType></dataIdInfo><mdLang><languageCode value="deu" Sync="TRUE"></languageCode><countryCode value="DEU" Sync="TRUE"></countryCode></mdLang><distInfo><distFormat><formatName Sync="TRUE">Shapefile</formatName></distFormat><distTranOps><transSize Sync="TRUE">0.000</transSize></distTranOps></distInfo><mdHrLv><ScopeCd value="005" Sync="TRUE"></ScopeCd></mdHrLv><mdHrLvName Sync="TRUE">dataset</mdHrLvName><refSysInfo><RefSystem><refSysID><identCode code="3035" Sync="TRUE"></identCode><idCodeSpace Sync="TRUE">EPSG</idCodeSpace><idVersion Sync="TRUE">8.1(9.0.0)</idVersion></refSysID></RefSystem></refSysInfo><spatRepInfo><VectSpatRep><geometObjs Name="ggggg"><geoObjTyp><GeoObjTypCd value="002" Sync="TRUE"></GeoObjTypCd></geoObjTyp><geoObjCnt Sync="TRUE">0</geoObjCnt></geometObjs><topLvl><TopoLevCd value="001" Sync="TRUE"></TopoLevCd></topLvl></VectSpatRep></spatRepInfo><spdoinfo><ptvctinf><esriterm Name="ggggg"><efeatyp Sync="TRUE">Simple</efeatyp><efeageom code="4" Sync="TRUE"></efeageom><esritopo Sync="TRUE">FALSE</esritopo><efeacnt Sync="TRUE">0</efeacnt><spindex Sync="TRUE">FALSE</spindex><linrefer Sync="TRUE">FALSE</linrefer></esriterm></ptvctinf></spdoinfo><eainfo><detailed Name="ggggg"><enttyp><enttypl Sync="TRUE">ggggg</enttypl><enttypt Sync="TRUE">Feature Class</enttypt><enttypc Sync="TRUE">0</enttypc></enttyp><attr><attrlabl Sync="TRUE">FID</attrlabl><attalias Sync="TRUE">FID</attalias><attrtype Sync="TRUE">OID</attrtype><attwidth Sync="TRUE">4</attwidth><atprecis Sync="TRUE">0</atprecis><attscale Sync="TRUE">0</attscale><attrdef Sync="TRUE">Internal feature number.</attrdef><attrdefs Sync="TRUE">Esri</attrdefs><attrdomv><udom Sync="TRUE">Sequential unique whole numbers that are automatically generated.</udom></attrdomv></attr><attr><attrlabl Sync="TRUE">Shape</attrlabl><attalias Sync="TRUE">Shape</attalias><attrtype Sync="TRUE">Geometry</attrtype><attwidth Sync="TRUE">0</attwidth><atprecis Sync="TRUE">0</atprecis><attscale Sync="TRUE">0</attscale><attrdef Sync="TRUE">Feature geometry.</attrdef><attrdefs Sync="TRUE">Esri</attrdefs><attrdomv><udom Sync="TRUE">Coordinates defining the features.</udom></attrdomv></attr><attr><attrlabl Sync="TRUE">Join_Count</attrlabl><attalias Sync="TRUE">Join_Count</attalias><attrtype Sync="TRUE">Integer</attrtype><attwidth Sync="TRUE">10</attwidth><atprecis Sync="TRUE">10</atprecis><attscale Sync="TRUE">0</attscale></attr><attr><attrlabl Sync="TRUE">TARGET_FID</attrlabl><attalias Sync="TRUE">TARGET_FID</attalias><attrtype Sync="TRUE">Integer</attrtype><attwidth Sync="TRUE">10</attwidth><atprecis Sync="TRUE">10</atprecis><attscale Sync="TRUE">0</attscale></attr><attr><attrlabl Sync="TRUE">MW_ha</attrlabl><attalias Sync="TRUE">MW_ha</attalias><attrtype Sync="TRUE">Double</attrtype><attwidth Sync="TRUE">19</attwidth><atprecis Sync="TRUE">0</atprecis><attscale Sync="TRUE">0</attscale></attr><attr><attrlabl Sync="TRUE">Technology</attrlabl><attalias Sync="TRUE">Technology</attalias><attrtype Sync="TRUE">String</attrtype><attwidth Sync="TRUE">50</attwidth><atprecis Sync="TRUE">0</atprecis><attscale Sync="TRUE">0</attscale></attr><attr><attrlabl Sync="TRUE">Year</attrlabl><attalias Sync="TRUE">Year</attalias><attrtype Sync="TRUE">Integer</attrtype><attwidth Sync="TRUE">10</attwidth><atprecis Sync="TRUE">10</atprecis><attscale Sync="TRUE">0</attscale></attr><attr><attrlabl Sync="TRUE">Power_kW</attrlabl><attalias Sync="TRUE">Power_kW</attalias><attrtype Sync="TRUE">Double</attrtype><attwidth Sync="TRUE">19</attwidth><atprecis Sync="TRUE">0</atprecis><attscale Sync="TRUE">0</attscale></attr><attr><attrlabl Sync="TRUE">Area_sqm</attrlabl><attalias Sync="TRUE">Area_sqm</attalias><attrtype Sync="TRUE">Double</attrtype><attwidth Sync="TRUE">19</attwidth><atprecis Sync="TRUE">0</atprecis><attscale Sync="TRUE">0</attscale></attr><attr><attrlabl Sync="TRUE">X_coord</attrlabl><attalias Sync="TRUE">X_coord</attalias><attrtype Sync="TRUE">Double</attrtype><attwidth Sync="TRUE">19</attwidth><atprecis Sync="TRUE">0</atprecis><attscale Sync="TRUE">0</attscale></attr><attr><attrlabl Sync="TRUE">Y_coord</attrlabl><attalias Sync="TRUE">Y_coord</attalias><attrtype Sync="TRUE">Double</attrtype><attwidth Sync="TRUE">19</attwidth><atprecis Sync="TRUE">0</atprecis><attscale Sync="TRUE">0</attscale></attr><attr><attrlabl Sync="TRUE">Comment</attrlabl><attalias Sync="TRUE">Comment</attalias><attrtype Sync="TRUE">String</attrtype><attwidth Sync="TRUE">50</attwidth><atprecis Sync="TRUE">0</atprecis><attscale Sync="TRUE">0</attscale></attr><attr><attrlabl Sync="TRUE">bearbeitet</attrlabl><attalias Sync="TRUE">bearbeitet</attalias><attrtype Sync="TRUE">Integer</attrtype><attwidth Sync="TRUE">10</attwidth><atprecis Sync="TRUE">10</atprecis><attscale Sync="TRUE">0</attscale></attr></detailed></eainfo><mdDateSt Sync="TRUE">20190117</mdDateSt></metadata>
