<?xml version="1.0" encoding="UTF-8"?>
<metadata xml:lang="de"><Esri><CreaDate>20190124</CreaDate><CreaTime>15001500</CreaTime><ArcGISFormat>1.0</ArcGISFormat><SyncOnce>FALSE</SyncOnce><DataProperties><lineage><Process ToolSource="c:\program files (x86)\arcgis\desktop10.6\ArcToolbox\Toolboxes\Data Management Tools.tbx\CalculateField" Date="20171114" Time="081532">CalculateField WEAIE2017FINAL Province "MV" VB #</Process><Process ToolSource="c:\program files (x86)\arcgis\desktop10.6\ArcToolbox\Toolboxes\Data Management Tools.tbx\CalculateField" Date="20171114" Time="081732">CalculateField WEAIE2017FINAL Province "SH" VB #</Process><Process ToolSource="c:\program files (x86)\arcgis\desktop10.6\ArcToolbox\Toolboxes\Data Management Tools.tbx\CalculateField" Date="20171114" Time="081809">CalculateField WEAIE2017FINAL Province "NI" VB #</Process><Process ToolSource="c:\program files (x86)\arcgis\desktop10.6\ArcToolbox\Toolboxes\Data Management Tools.tbx\CalculateField" Date="20171114" Time="081910">CalculateField WEAIE2017FINAL Province "BRB" VB #</Process><Process ToolSource="c:\program files (x86)\arcgis\desktop10.6\ArcToolbox\Toolboxes\Data Management Tools.tbx\CalculateField" Date="20171114" Time="081958">CalculateField WEAIE2017FINAL Province "ST" VB #</Process><Process ToolSource="c:\program files (x86)\arcgis\desktop10.6\ArcToolbox\Toolboxes\Data Management Tools.tbx\CalculateField" Date="20171114" Time="082056">CalculateField WEAIE2017FINAL Province "SN" VB #</Process><Process ToolSource="c:\program files (x86)\arcgis\desktop10.6\ArcToolbox\Toolboxes\Data Management Tools.tbx\CalculateField" Date="20171114" Time="082231">CalculateField WEAIE2017FINAL Province "TH" VB #</Process><Process ToolSource="c:\program files (x86)\arcgis\desktop10.6\ArcToolbox\Toolboxes\Data Management Tools.tbx\CalculateField" Date="20171114" Time="082436">CalculateField WEAIE2017FINAL Province "HE" VB #</Process><Process ToolSource="c:\program files (x86)\arcgis\desktop10.6\ArcToolbox\Toolboxes\Data Management Tools.tbx\CalculateField" Date="20171114" Time="082554">CalculateField WEAIE2017FINAL Province "NRW" VB #</Process><Process ToolSource="c:\program files (x86)\arcgis\desktop10.6\ArcToolbox\Toolboxes\Data Management Tools.tbx\CalculateField" Date="20171114" Time="082618">CalculateField WEAIE2017FINAL Province "RP" VB #</Process><Process ToolSource="c:\program files (x86)\arcgis\desktop10.6\ArcToolbox\Toolboxes\Data Management Tools.tbx\CalculateField" Date="20171114" Time="082642">CalculateField WEAIE2017FINAL Province "SL" VB #</Process><Process ToolSource="c:\program files (x86)\arcgis\desktop10.6\ArcToolbox\Toolboxes\Data Management Tools.tbx\CalculateField" Date="20171114" Time="082704">CalculateField WEAIE2017FINAL Province "BY" VB #</Process><Process ToolSource="c:\program files (x86)\arcgis\desktop10.6\ArcToolbox\Toolboxes\Data Management Tools.tbx\CalculateField" Date="20171114" Time="082807">CalculateField WEAIE2017FINAL Province "BW" VB #</Process><Process ToolSource="c:\program files (x86)\arcgis\desktop10.6\ArcToolbox\Toolboxes\Data Management Tools.tbx\CalculateField" Date="20171114" Time="083020">CalculateField WEAIE2017FINAL Province "NI" VB #</Process><Process ToolSource="c:\program files (x86)\arcgis\desktop10.6\ArcToolbox\Toolboxes\Data Management Tools.tbx\CalculateField" Date="20171114" Time="083053">CalculateField WEAIE2017FINAL Province "MV" VB #</Process><Process ToolSource="c:\program files (x86)\arcgis\desktop10.6\ArcToolbox\Toolboxes\Data Management Tools.tbx\CalculateField" Date="20171114" Time="083120">CalculateField WEAIE2017FINAL Province "BB" VB #</Process><Process ToolSource="c:\program files (x86)\arcgis\desktop10.6\ArcToolbox\Toolboxes\Data Management Tools.tbx\CalculateField" Date="20171114" Time="094551">CalculateField WEAIE2017FINAL landuse [code90] VB #</Process><Process ToolSource="c:\program files (x86)\arcgis\desktop10.5\ArcToolbox\Toolboxes\Data Management Tools.tbx\CalculateField" Date="20171115" Time="100345">CalculateField WEAIE2017FINAL height "[hubheight] +( [diameter] /2)" VB #</Process><Process ToolSource="c:\program files (x86)\arcgis\desktop10.5\ArcToolbox\Toolboxes\Data Management Tools.tbx\CalculateField" Date="20171115" Time="104801">CalculateField WEAIE2017FINAL Province "Baden-Württemberg" VB #</Process><Process ToolSource="c:\program files (x86)\arcgis\desktop10.5\ArcToolbox\Toolboxes\Data Management Tools.tbx\CalculateField" Date="20171115" Time="104835">CalculateField WEAIE2017FINAL Province "Baden-Württemberg" VB #</Process><Process ToolSource="c:\program files (x86)\arcgis\desktop10.5\ArcToolbox\Toolboxes\Data Management Tools.tbx\CalculateField" Date="20171115" Time="104910">CalculateField WEAIE2017FINAL Province "Bayern" VB #</Process><Process ToolSource="c:\program files (x86)\arcgis\desktop10.5\ArcToolbox\Toolboxes\Data Management Tools.tbx\CalculateField" Date="20171115" Time="105005">CalculateField WEAIE2017FINAL Province "Brandenburg" VB #</Process><Process ToolSource="c:\program files (x86)\arcgis\desktop10.5\ArcToolbox\Toolboxes\Data Management Tools.tbx\CalculateField" Date="20171115" Time="105039">CalculateField WEAIE2017FINAL Province "Hessen" VB #</Process><Process ToolSource="c:\program files (x86)\arcgis\desktop10.5\ArcToolbox\Toolboxes\Data Management Tools.tbx\CalculateField" Date="20171115" Time="105107">CalculateField WEAIE2017FINAL Province "Mecklenburg-Vorpommern" VB #</Process><Process ToolSource="c:\program files (x86)\arcgis\desktop10.5\ArcToolbox\Toolboxes\Data Management Tools.tbx\CalculateField" Date="20171115" Time="105139">CalculateField WEAIE2017FINAL Province "Niedersachsen" VB #</Process><Process ToolSource="c:\program files (x86)\arcgis\desktop10.5\ArcToolbox\Toolboxes\Data Management Tools.tbx\CalculateField" Date="20171115" Time="105304">CalculateField WEAIE2017FINAL Province "Nordrhein-Westfalen" VB #</Process><Process ToolSource="c:\program files (x86)\arcgis\desktop10.5\ArcToolbox\Toolboxes\Data Management Tools.tbx\CalculateField" Date="20171115" Time="105339">CalculateField WEAIE2017FINAL Province "Rheinland-Pfalz" VB #</Process><Process ToolSource="c:\program files (x86)\arcgis\desktop10.5\ArcToolbox\Toolboxes\Data Management Tools.tbx\CalculateField" Date="20171115" Time="105413">CalculateField WEAIE2017FINAL Province "Schleswig-Holstein" VB #</Process><Process ToolSource="c:\program files (x86)\arcgis\desktop10.5\ArcToolbox\Toolboxes\Data Management Tools.tbx\CalculateField" Date="20171115" Time="105441">CalculateField WEAIE2017FINAL Province "Saarland" VB #</Process><Process ToolSource="c:\program files (x86)\arcgis\desktop10.5\ArcToolbox\Toolboxes\Data Management Tools.tbx\CalculateField" Date="20171115" Time="105505">CalculateField WEAIE2017FINAL Province "Sachsen" VB #</Process><Process ToolSource="c:\program files (x86)\arcgis\desktop10.5\ArcToolbox\Toolboxes\Data Management Tools.tbx\CalculateField" Date="20171115" Time="105533">CalculateField WEAIE2017FINAL Province "Sachsen-Anhalt" VB #</Process><Process ToolSource="c:\program files (x86)\arcgis\desktop10.5\ArcToolbox\Toolboxes\Data Management Tools.tbx\CalculateField" Date="20171115" Time="105611">CalculateField WEAIE2017FINAL Province "Thüringen" VB #</Process><Process ToolSource="c:\program files (x86)\arcgis\desktop10.5\ArcToolbox\Toolboxes\Analysis Tools.tbx\Near" Date="20171211" Time="223617">Near WEAIE2017FINAL CLC_111_112 # NO_LOCATION NO_ANGLE PLANAR</Process><Process ToolSource="c:\program files (x86)\arcgis\desktop10.5\ArcToolbox\Toolboxes\Data Management Tools.tbx\CalculateField" Date="20171211" Time="223704">CalculateField WEAIE2017FINAL Dist111112 [NEAR_DIST] VB #</Process><Process ToolSource="c:\program files (x86)\arcgis\desktop10.5\ArcToolbox\Toolboxes\Analysis Tools.tbx\Near" Date="20171211" Time="223808">Near WEAIE2017FINAL CLC_121 # NO_LOCATION NO_ANGLE PLANAR</Process><Process ToolSource="c:\program files (x86)\arcgis\desktop10.5\ArcToolbox\Toolboxes\Data Management Tools.tbx\CalculateField" Date="20171211" Time="223843">CalculateField WEAIE2017FINAL Dist121 [NEAR_DIST] VB #</Process><Process ToolSource="c:\program files (x86)\arcgis\desktop10.5\ArcToolbox\Toolboxes\Analysis Tools.tbx\Near" Date="20171211" Time="224100">Near WEAIE2017FINAL Natura2000_SPA2016 # NO_LOCATION NO_ANGLE PLANAR</Process><Process ToolSource="c:\program files (x86)\arcgis\desktop10.5\ArcToolbox\Toolboxes\Analysis Tools.tbx\Near" Date="20171211" Time="224235">Near WEAIE2017FINAL cdda_v15 # NO_LOCATION NO_ANGLE PLANAR</Process><Process ToolSource="c:\program files (x86)\arcgis\desktop10.5\ArcToolbox\Toolboxes\Analysis Tools.tbx\Near" Date="20171211" Time="224447">Near WEAIE2017FINAL E101 # NO_LOCATION NO_ANGLE PLANAR</Process><Process ToolSource="c:\program files (x86)\arcgis\desktop10.6\ArcToolbox\Toolboxes\Analysis Tools.tbx\Near" Date="20171211" Time="230537">Near WEAIE2017FINAL Natura2000_SPA2016 # NO_LOCATION NO_ANGLE PLANAR</Process><Process ToolSource="c:\program files (x86)\arcgis\desktop10.6\ArcToolbox\Toolboxes\Data Management Tools.tbx\CalculateField" Date="20180123" Time="081444">CalculateField WEAIE2017FINAL Wald_schut NSG VB #</Process><Process ToolSource="c:\program files (x86)\arcgis\desktop10.6\ArcToolbox\Toolboxes\Data Management Tools.tbx\CalculateField" Date="20180123" Time="081500">CalculateField WEAIE2017FINAL Wald_schut "NSG" VB #</Process><Process ToolSource="c:\program files (x86)\arcgis\desktop10.6\ArcToolbox\Toolboxes\Data Management Tools.tbx\Project" Date="20180419" Time="162133">Project Y:\Gruppen\energy\EE-Monitor\02_EE_Monitor_Projekt_data\raeumlicheAnalyse\Marcus\01_Anlagenstandorte\WEAIE2017FINAL.shp Y:\Gruppen\energy\EE-Monitor\02_EE_Monitor_Projekt_data\raeumlicheAnalyse\Marcus\01_Anlagenstandorte\WEAIE2017FINALrepro.shp PROJCS['ETRS_1989_LAEA',GEOGCS['GCS_ETRS_1989',DATUM['D_ETRS_1989',SPHEROID['GRS_1980',6378137.0,298.257222101]],PRIMEM['Greenwich',0.0],UNIT['Degree',0.0174532925199433]],PROJECTION['Lambert_Azimuthal_Equal_Area'],PARAMETER['False_Easting',4321000.0],PARAMETER['False_Northing',3210000.0],PARAMETER['Central_Meridian',10.0],PARAMETER['Latitude_Of_Origin',52.0],UNIT['Meter',1.0]] ETRS_1989_To_WGS_1984 GEOGCS['GCS_WGS_1984',DATUM['D_WGS_1984',SPHEROID['WGS_1984',6378137.0,298.257223563]],PRIMEM['Greenwich',0.0],UNIT['Degree',0.0174532925199433]] NO_PRESERVE_SHAPE # NO_VERTICAL</Process><Process ToolSource="c:\program files\arcgis\pro\Resources\ArcToolbox\Toolboxes\Data Management Tools.tbx\AddField" Date="20180423" Time="135659">AddField "CIMDATA=&lt;CIMStandardDataConnection xsi:type='typens:CIMStandardDataConnection' xmlns:xsi='http://www.w3.org/2001/XMLSchema-instance' xmlns:xs='http://www.w3.org/2001/XMLSchema' xmlns:typens='http://www.esri.com/schemas/ArcGIS/2.1.0'&gt;&lt;WorkspaceConnectionString&gt;DATABASE=Y:\Gruppen\energy\EE-Monitor\02_EE_Monitor_Projekt_data\raeumlicheAnalyse\Raummonitoring Basisdaten\01_Anlagenstandorte&lt;/WorkspaceConnectionString&gt;&lt;WorkspaceFactory&gt;Shapefile&lt;/WorkspaceFactory&gt;&lt;Dataset&gt;Windpower_ETRS89_LAEA_2017.shp&lt;/Dataset&gt;&lt;DatasetType&gt;esriDTAny&lt;/DatasetType&gt;&lt;/CIMStandardDataConnection&gt;" BS_TEMP01 Text # # 255 # NON_NULLABLE NON_REQUIRED #</Process><Process ToolSource="c:\program files\arcgis\pro\Resources\ArcToolbox\Toolboxes\Data Management Tools.tbx\AddField" Date="20180423" Time="135703">AddField "CIMDATA=&lt;CIMStandardDataConnection xsi:type='typens:CIMStandardDataConnection' xmlns:xsi='http://www.w3.org/2001/XMLSchema-instance' xmlns:xs='http://www.w3.org/2001/XMLSchema' xmlns:typens='http://www.esri.com/schemas/ArcGIS/2.1.0'&gt;&lt;WorkspaceConnectionString&gt;DATABASE=Y:\Gruppen\energy\EE-Monitor\02_EE_Monitor_Projekt_data\raeumlicheAnalyse\Raummonitoring Basisdaten\01_Anlagenstandorte&lt;/WorkspaceConnectionString&gt;&lt;WorkspaceFactory&gt;Shapefile&lt;/WorkspaceFactory&gt;&lt;Dataset&gt;Windpower_ETRS89_LAEA_2017.shp&lt;/Dataset&gt;&lt;DatasetType&gt;esriDTAny&lt;/DatasetType&gt;&lt;/CIMStandardDataConnection&gt;" BS_TEMP03 Text # # 255 # NON_NULLABLE NON_REQUIRED #</Process><Process ToolSource="c:\program files\arcgis\pro\Resources\ArcToolbox\Toolboxes\Data Management Tools.tbx\AddField" Date="20180423" Time="135735">AddField "CIMDATA=&lt;CIMStandardDataConnection xsi:type='typens:CIMStandardDataConnection' xmlns:xsi='http://www.w3.org/2001/XMLSchema-instance' xmlns:xs='http://www.w3.org/2001/XMLSchema' xmlns:typens='http://www.esri.com/schemas/ArcGIS/2.1.0'&gt;&lt;WorkspaceConnectionString&gt;DATABASE=Y:\Gruppen\energy\EE-Monitor\02_EE_Monitor_Projekt_data\raeumlicheAnalyse\Raummonitoring Basisdaten\01_Anlagenstandorte&lt;/WorkspaceConnectionString&gt;&lt;WorkspaceFactory&gt;Shapefile&lt;/WorkspaceFactory&gt;&lt;Dataset&gt;Windpower_ETRS89_LAEA_2017.shp&lt;/Dataset&gt;&lt;DatasetType&gt;esriDTAny&lt;/DatasetType&gt;&lt;/CIMStandardDataConnection&gt;" BS_TEMP02 Text # # 255 # NON_NULLABLE NON_REQUIRED #</Process><Process ToolSource="c:\program files\arcgis\pro\Resources\ArcToolbox\toolboxes\Data Management Tools.tbx\CalculateField" Date="20180423" Time="135843">CalculateField Wind\Windpower_ETRS89_LAEA_2017 BS_TEMP01 31.12. # #</Process><Process ToolSource="c:\program files\arcgis\pro\Resources\ArcToolbox\toolboxes\Data Management Tools.tbx\CalculateField" Date="20180423" Time="135903">CalculateField Wind\Windpower_ETRS89_LAEA_2017 BS_TEMP01 "31.12." # #</Process><Process ToolSource="c:\program files\arcgis\pro\Resources\ArcToolbox\toolboxes\Data Management Tools.tbx\CalculateField" Date="20180423" Time="135929">CalculateField Wind\Windpower_ETRS89_LAEA_2017 BS_TEMP01 "31.12." # #</Process><Process ToolSource="c:\program files\arcgis\pro\Resources\ArcToolbox\toolboxes\Data Management Tools.tbx\CalculateField" Date="20180423" Time="135954">CalculateField Wind\Windpower_ETRS89_LAEA_2017 BS_TEMP01 [31.12.] # #</Process><Process ToolSource="c:\program files\arcgis\pro\Resources\ArcToolbox\toolboxes\Data Management Tools.tbx\CalculateField" Date="20180423" Time="140047">CalculateField Wind\Windpower_ETRS89_LAEA_2017 BS_TEMP01 "31.12." "Python 3" #</Process><Process ToolSource="c:\program files\arcgis\pro\Resources\ArcToolbox\toolboxes\Data Management Tools.tbx\CalculateField" Date="20180423" Time="140119">CalculateField Wind\Windpower_ETRS89_LAEA_2017 BS_TEMP02 !year! "Python 3" #</Process><Process ToolSource="c:\program files\arcgis\pro\Resources\ArcToolbox\toolboxes\Data Management Tools.tbx\CalculateField" Date="20180423" Time="140151">CalculateField Wind\Windpower_ETRS89_LAEA_2017 BS_TEMP03 !BS_TEMP01!!BS_TEMP02! "Python 3" #</Process><Process ToolSource="c:\program files\arcgis\pro\Resources\ArcToolbox\Toolboxes\Data Management Tools.tbx\AddField" Date="20180423" Time="140305">AddField "CIMDATA=&lt;CIMStandardDataConnection xsi:type='typens:CIMStandardDataConnection' xmlns:xsi='http://www.w3.org/2001/XMLSchema-instance' xmlns:xs='http://www.w3.org/2001/XMLSchema' xmlns:typens='http://www.esri.com/schemas/ArcGIS/2.1.0'&gt;&lt;WorkspaceConnectionString&gt;DATABASE=Y:\Gruppen\energy\EE-Monitor\02_EE_Monitor_Projekt_data\raeumlicheAnalyse\Raummonitoring Basisdaten\01_Anlagenstandorte&lt;/WorkspaceConnectionString&gt;&lt;WorkspaceFactory&gt;Shapefile&lt;/WorkspaceFactory&gt;&lt;Dataset&gt;Windpower_ETRS89_LAEA_2017.shp&lt;/Dataset&gt;&lt;DatasetType&gt;esriDTAny&lt;/DatasetType&gt;&lt;/CIMStandardDataConnection&gt;" BS_dmy Date # # # # NON_NULLABLE NON_REQUIRED #</Process><Process ToolSource="c:\program files\arcgis\pro\Resources\ArcToolbox\toolboxes\Data Management Tools.tbx\CalculateField" Date="20180423" Time="140503">CalculateField Wind\Windpower_ETRS89_LAEA_2017 BS_dmy !BS_TEMP03! "Python 3" #</Process><Process ToolSource="c:\program files\arcgis\pro\Resources\ArcToolbox\Toolboxes\Data Management Tools.tbx\DeleteField" Date="20180423" Time="140606">DeleteField Wind\Windpower_ETRS89_LAEA_2017 BS_TEMP01</Process><Process ToolSource="c:\program files\arcgis\pro\Resources\ArcToolbox\Toolboxes\Data Management Tools.tbx\DeleteField" Date="20180423" Time="140616">DeleteField Wind\Windpower_ETRS89_LAEA_2017 BS_TEMP02</Process><Process ToolSource="c:\program files\arcgis\pro\Resources\ArcToolbox\Toolboxes\Data Management Tools.tbx\DeleteField" Date="20180423" Time="140626">DeleteField Wind\Windpower_ETRS89_LAEA_2017 BS_TEMP03</Process><Process ToolSource="c:\program files (x86)\arcgis\desktop10.6\ArcToolbox\Toolboxes\Data Management Tools.tbx\CalculateField" Date="20180712" Time="160203">CalculateField Windpower_ETRS89_LAEA_2017 areaWT3x5D "math.pi *(3* !diameter!) *(5* !diameter!)" PYTHON_9.3 #</Process><Process ToolSource="c:\program files (x86)\arcgis\desktop10.6\ArcToolbox\Toolboxes\Data Management Tools.tbx\CalculateField" Date="20180718" Time="075907">CalculateField Windpower_ETRS89_LAEA_2017 Leist_MW [power]/1000
 VB #</Process><Process ToolSource="c:\program files (x86)\arcgis\desktop10.6\ArcToolbox\Toolboxes\Data Management Tools.tbx\CalculateField" Date="20180718" Time="080130">CalculateField Windpower_ETRS89_LAEA_2017 FLWT3x5Dha "[areaWT3x5D] /10000" VB #</Process><Process ToolSource="c:\program files (x86)\arcgis\desktop10.6\ArcToolbox\Toolboxes\Data Management Tools.tbx\CalculateField" Date="20180718" Time="080450">CalculateField Windpower_ETRS89_LAEA_2017 MW_je_ha "[Leist_MW] / [FLWT3x5Dha]" VB #</Process><Process ToolSource="c:\program files (x86)\arcgis\desktop10.6\ArcToolbox\Toolboxes\Data Management Tools.tbx\CalculateField" Date="20180718" Time="081908">CalculateField Windpower_ETRS89_LAEA_2017 FLWTFun ([diameter] *0.0607)/126 VB #</Process><Process ToolSource="c:\program files (x86)\arcgis\desktop10.6\ArcToolbox\Toolboxes\Data Management Tools.tbx\CalculateField" Date="20180718" Time="082133">CalculateField Windpower_ETRS89_LAEA_2017 MW_je_ha_f "[Leist_MW] / [FLWTFun]" VB #</Process><Process ToolSource="c:\program files (x86)\arcgis\desktop10.6\ArcToolbox\Toolboxes\Analysis Tools.tbx\Near" Date="20181016" Time="135834">Near Windpower_ETRS89_LAEA_2017 CLC_Area_1990_Deutschland_sharp # NO_LOCATION NO_ANGLE GEODESIC</Process><Process ToolSource="c:\program files (x86)\arcgis\desktop10.6\ArcToolbox\Toolboxes\Analysis Tools.tbx\SpatialJoin" Date="20190124" Time="124914">SpatialJoin WIND_ETRS89_LAEA_2017 WIND_Raik_ergaenzt1 Y:\Gruppen\energy\EE-Monitor\02_EE_Monitor_Projekt_data\raeumlicheAnalyse\David\_processing\TEST\WIND_Raik_ergaenzt2.shp JOIN_ONE_TO_ONE KEEP_ALL "id "id" true true false 10 Long 0 10 ,First,#,WIND_ETRS89_LAEA_2017,id,-1,-1;power "power" true true false 10 Long 0 10 ,First,#,WIND_ETRS89_LAEA_2017,power,-1,-1;year "year" true true false 10 Long 0 10 ,First,#,WIND_ETRS89_LAEA_2017,year,-1,-1;hubheight "hubheight" true true false 19 Double 0 0 ,First,#,WIND_ETRS89_LAEA_2017,hubheight,-1,-1;diameter "diameter" true true false 10 Long 0 10 ,First,#,WIND_ETRS89_LAEA_2017,diameter,-1,-1;lat "lat" true true false 19 Double 0 0 ,First,#,WIND_ETRS89_LAEA_2017,lat,-1,-1;lon "lon" true true false 19 Double 0 0 ,First,#,WIND_ETRS89_LAEA_2017,lon,-1,-1;Province "Province" true true false 50 Text 0 0 ,First,#,WIND_ETRS89_LAEA_2017,Province,-1,-1;height "height" true true false 19 Double 0 0 ,First,#,WIND_ETRS89_LAEA_2017,height,-1,-1;BS_dmy "BS_dmy" true true false 8 Date 0 0 ,First,#,WIND_ETRS89_LAEA_2017,BS_dmy,-1,-1;areaWT3x5D "areaWT3x5D" true true false 13 Float 0 0 ,First,#,WIND_ETRS89_LAEA_2017,areaWT3x5D,-1,-1;Leist_MW "Leist_MW" true true false 13 Float 0 0 ,First,#,WIND_ETRS89_LAEA_2017,Leist_MW,-1,-1;FLWT3x5Dha "FLWT3x5Dha" true true false 13 Float 0 0 ,First,#,WIND_ETRS89_LAEA_2017,FLWT3x5Dha,-1,-1;MW_je_ha "MW_je_ha" true true false 13 Float 0 0 ,First,#,WIND_ETRS89_LAEA_2017,MW_je_ha,-1,-1;FLWTFun "FLWTFun" true true false 13 Float 0 0 ,First,#,WIND_ETRS89_LAEA_2017,FLWTFun,-1,-1;MW_je_ha_f "MW_je_ha_f" true true false 13 Float 0 0 ,First,#,WIND_ETRS89_LAEA_2017,MW_je_ha_f,-1,-1;ID_1 "ID_1" true true false 19 Double 0 0 ,First,#,WIND_Raik_ergaenzt1,ID,-1,-1;installier "installier" true true false 19 Double 0 0 ,First,#,WIND_Raik_ergaenzt1,installier,-1,-1;Inbetriebn "Inbetriebn" true true false 19 Double 0 0 ,First,#,WIND_Raik_ergaenzt1,Inbetriebn,-1,-1;Anlagenhö "Anlagenhö" true true false 19 Double 0 0 ,First,#,WIND_Raik_ergaenzt1,Anlagenhö,-1,-1;Nabenhöhe "Nabenhöhe" true true false 19 Double 0 0 ,First,#,WIND_Raik_ergaenzt1,Nabenhöhe,-1,-1;Rotordurch "Rotordurch" true true false 19 Double 0 0 ,First,#,WIND_Raik_ergaenzt1,Rotordurch,-1,-1;lat_1 "lat_1" true true false 19 Double 0 0 ,First,#,WIND_Raik_ergaenzt1,lat,-1,-1;lon_1 "lon_1" true true false 19 Double 0 0 ,First,#,WIND_Raik_ergaenzt1,lon,-1,-1;Inbetrie_1 "Inbetrie_1" true true false 254 Text 0 0 ,First,#,WIND_Raik_ergaenzt1,Inbetrie_1,-1,-1;Anlagenh_1 "Anlagenh_1" true true false 254 Text 0 0 ,First,#,WIND_Raik_ergaenzt1,Anlagenh_1,-1,-1;Nabenhö_1 "Nabenhö_1" true true false 254 Text 0 0 ,First,#,WIND_Raik_ergaenzt1,Nabenhö_1,-1,-1;Rotordur_1 "Rotordur_1" true true false 254 Text 0 0 ,First,#,WIND_Raik_ergaenzt1,Rotordur_1,-1,-1;WEA_2017_I "WEA_2017_I" true true false 19 Double 0 0 ,First,#,WIND_Raik_ergaenzt1,WEA_2017_I,-1,-1;WEA_2017_1 "WEA_2017_1" true true false 254 Text 0 0 ,First,#,WIND_Raik_ergaenzt1,WEA_2017_1,-1,-1;WEA_2017_2 "WEA_2017_2" true true false 254 Text 0 0 ,First,#,WIND_Raik_ergaenzt1,WEA_2017_2,-1,-1;WEA_2017_3 "WEA_2017_3" true true false 254 Text 0 0 ,First,#,WIND_Raik_ergaenzt1,WEA_2017_3,-1,-1;WEA_2017_4 "WEA_2017_4" true true false 19 Double 0 0 ,First,#,WIND_Raik_ergaenzt1,WEA_2017_4,-1,-1;WEA_2017_5 "WEA_2017_5" true true false 254 Text 0 0 ,First,#,WIND_Raik_ergaenzt1,WEA_2017_5,-1,-1;WEA_2017_6 "WEA_2017_6" true true false 19 Double 0 0 ,First,#,WIND_Raik_ergaenzt1,WEA_2017_6,-1,-1;WEA_2017_7 "WEA_2017_7" true true false 19 Double 0 0 ,First,#,WIND_Raik_ergaenzt1,WEA_2017_7,-1,-1;WEA_2017_8 "WEA_2017_8" true true false 19 Double 0 0 ,First,#,WIND_Raik_ergaenzt1,WEA_2017_8,-1,-1;WEA_2017_9 "WEA_2017_9" true true false 19 Double 0 0 ,First,#,WIND_Raik_ergaenzt1,WEA_2017_9,-1,-1;WEA_201_10 "WEA_201_10" true true false 254 Text 0 0 ,First,#,WIND_Raik_ergaenzt1,WEA_201_10,-1,-1;jahr_erg "jahr_erg" true true false 254 Text 0 0 ,First,#,WIND_Raik_ergaenzt1,jahr_erg,-1,-1" CLOSEST "20 Meters" #</Process><Process ToolSource="c:\program files (x86)\arcgis\desktop10.6\ArcToolbox\Toolboxes\Data Management Tools.tbx\DeleteField" Date="20190124" Time="132726">DeleteField spatial_join MW_je_ha_f;ID_1;installier;Inbetriebn;Anlagenhö;Nabenhöhe;Rotordurch;lat_1;lon_1;WEA_2017_I;WEA_2017_1;WEA_2017_2;WEA_2017_3;WEA_2017_4;WEA_2017_5;WEA_2017_6;WEA_2017_7;WEA_2017_8;WEA_2017_9;WEA_201_10;jahr_erg</Process><Process ToolSource="c:\program files (x86)\arcgis\desktop10.6\ArcToolbox\Toolboxes\Data Management Tools.tbx\CalculateField" Date="20190124" Time="141013">CalculateField WIND_Ausgangsdaten_spatial_join_reduced Inbetrie_1 "ja" VB #</Process><Process ToolSource="c:\program files (x86)\arcgis\desktop10.6\ArcToolbox\Toolboxes\Data Management Tools.tbx\CalculateField" Date="20190124" Time="141017">CalculateField WIND_Ausgangsdaten_spatial_join_reduced Anlagenh_1 "ja" VB #</Process><Process ToolSource="c:\program files (x86)\arcgis\desktop10.6\ArcToolbox\Toolboxes\Data Management Tools.tbx\CalculateField" Date="20190124" Time="141020">CalculateField WIND_Ausgangsdaten_spatial_join_reduced Nabenhö_1 "ja" VB #</Process><Process ToolSource="c:\program files (x86)\arcgis\desktop10.6\ArcToolbox\Toolboxes\Data Management Tools.tbx\CalculateField" Date="20190124" Time="141024">CalculateField WIND_Ausgangsdaten_spatial_join_reduced Rotordur_1 "ja" VB #</Process><Process ToolSource="c:\program files (x86)\arcgis\desktop10.6\ArcToolbox\Toolboxes\Data Management Tools.tbx\CalculateField" Date="20190124" Time="142555">CalculateField WIND_Ausgangsdaten_spatial_join_reduced year_mod [Inbetrie_1] VB #</Process><Process ToolSource="c:\program files (x86)\arcgis\desktop10.6\ArcToolbox\Toolboxes\Data Management Tools.tbx\CalculateField" Date="20190124" Time="143001">CalculateField WIND_Ausgangsdaten_spatial_join_reduced height_mod [height_mod] VB #</Process><Process ToolSource="c:\program files (x86)\arcgis\desktop10.6\ArcToolbox\Toolboxes\Data Management Tools.tbx\CalculateField" Date="20190124" Time="143057">CalculateField WIND_Ausgangsdaten_spatial_join_reduced height_mod [Anlagenh_1] VB #</Process><Process ToolSource="c:\program files (x86)\arcgis\desktop10.6\ArcToolbox\Toolboxes\Data Management Tools.tbx\CalculateField" Date="20190124" Time="143137">CalculateField WIND_Ausgangsdaten_spatial_join_reduced hub_mod [Nabenhö_1] VB #</Process><Process ToolSource="c:\program files (x86)\arcgis\desktop10.6\ArcToolbox\Toolboxes\Data Management Tools.tbx\CalculateField" Date="20190124" Time="143225">CalculateField WIND_Ausgangsdaten_spatial_join_reduced dia_mod [Rotordur_1] VB #</Process><Process ToolSource="c:\program files (x86)\arcgis\desktop10.6\ArcToolbox\Toolboxes\Data Management Tools.tbx\CalculateField" Date="20190124" Time="144010">CalculateField WIND_Ausgangsdaten_spatial_join_reduced Year_1 [year] VB #</Process><Process ToolSource="c:\program files (x86)\arcgis\desktop10.6\ArcToolbox\Toolboxes\Data Management Tools.tbx\CalculateField" Date="20190124" Time="144032">CalculateField WIND_Ausgangsdaten_spatial_join_reduced Year [Year_1] VB #</Process><Process ToolSource="c:\program files (x86)\arcgis\desktop10.6\ArcToolbox\Toolboxes\Data Management Tools.tbx\CalculateField" Date="20190124" Time="144633">CalculateField WIND_Ausgangsdaten_spatial_join_reduced Technology "wind power" VB #</Process><Process ToolSource="c:\program files (x86)\arcgis\desktop10.6\ArcToolbox\Toolboxes\Data Management Tools.tbx\CalculateField" Date="20190124" Time="144647">CalculateField WIND_Ausgangsdaten_spatial_join_reduced Power_kW [power] VB #</Process><Process ToolSource="c:\program files (x86)\arcgis\desktop10.6\ArcToolbox\Toolboxes\Data Management Tools.tbx\CalculateField" Date="20190124" Time="144703">CalculateField WIND_Ausgangsdaten_spatial_join_reduced Hub_m [hubheight] VB #</Process><Process ToolSource="c:\program files (x86)\arcgis\desktop10.6\ArcToolbox\Toolboxes\Data Management Tools.tbx\CalculateField" Date="20190124" Time="144729">CalculateField WIND_Ausgangsdaten_spatial_join_reduced Dia_m [diameter] VB #</Process><Process ToolSource="c:\program files (x86)\arcgis\desktop10.6\ArcToolbox\Toolboxes\Data Management Tools.tbx\CalculateField" Date="20190124" Time="144913">CalculateField WIND_Ausgangsdaten_spatial_join_reduced Hub_m [hubheight] VB #</Process><Process ToolSource="c:\program files (x86)\arcgis\desktop10.6\ArcToolbox\Toolboxes\Data Management Tools.tbx\CalculateField" Date="20190124" Time="144945">CalculateField WIND_Ausgangsdaten_spatial_join_reduced Dia_m [diameter] VB #</Process><Process ToolSource="c:\program files (x86)\arcgis\desktop10.6\ArcToolbox\Toolboxes\Data Management Tools.tbx\CalculateField" Date="20190124" Time="145448">CalculateField WIND_Ausgangsdaten_spatial_join_reduced PS_Year "edited" VB #</Process><Process ToolSource="c:\program files (x86)\arcgis\desktop10.6\ArcToolbox\Toolboxes\Data Management Tools.tbx\CalculateField" Date="20190124" Time="145538">CalculateField WIND_Ausgangsdaten_spatial_join_reduced PS_Hub "edited" VB #</Process><Process ToolSource="c:\program files (x86)\arcgis\desktop10.6\ArcToolbox\Toolboxes\Data Management Tools.tbx\CalculateField" Date="20190124" Time="145627">CalculateField WIND_Ausgangsdaten_spatial_join_reduced PS_Dia "edited" VB #</Process></lineage><itemProps><itemLocation><linkage Sync="TRUE">file://\\intranet.ufz.de\dfs\Gruppen\energy\EE-Monitor\02_EE_Monitor_Projekt_data\raeumlicheAnalyse\Raummonitoring Basisdaten\01_Anlagenstandorte\_geodata_paper\windpower_2015</linkage><protocol Sync="TRUE">Local Area Network</protocol></itemLocation><itemName Sync="TRUE">WIND_Raik_ergaenzt2</itemName><imsContentType Sync="TRUE">002</imsContentType><itemSize Sync="TRUE">0.000</itemSize></itemProps><copyHistory><copy source="Y:\Gruppen\energy\EE-Monitor\02_EE_Monitor_Projekt_data\raeumlicheAnalyse\David\_processing\TEST\windpower_2015" dest="\\intranet.ufz.de\dfs\Gruppen\energy\EE-Monitor\02_EE_Monitor_Projekt_data\raeumlicheAnalyse\Raummonitoring Basisdaten\01_Anlagenstandorte\_geodata_paper\windpower_2015" date="20190124" time="15011200"></copy></copyHistory><coordRef><type Sync="TRUE">Projected</type><geogcsn Sync="TRUE">GCS_ETRS_1989</geogcsn><csUnits Sync="TRUE">Linear Unit: Meter (1.000000)</csUnits><projcsn Sync="TRUE">ETRS_1989_LAEA</projcsn><peXml Sync="TRUE">&lt;ProjectedCoordinateSystem xsi:type='typens:ProjectedCoordinateSystem' xmlns:xsi='http://www.w3.org/2001/XMLSchema-instance' xmlns:xs='http://www.w3.org/2001/XMLSchema' xmlns:typens='http://www.esri.com/schemas/ArcGIS/10.6'&gt;&lt;WKT&gt;PROJCS[&amp;quot;ETRS_1989_LAEA&amp;quot;,GEOGCS[&amp;quot;GCS_ETRS_1989&amp;quot;,DATUM[&amp;quot;D_ETRS_1989&amp;quot;,SPHEROID[&amp;quot;GRS_1980&amp;quot;,6378137.0,298.257222101]],PRIMEM[&amp;quot;Greenwich&amp;quot;,0.0],UNIT[&amp;quot;Degree&amp;quot;,0.0174532925199433]],PROJECTION[&amp;quot;Lambert_Azimuthal_Equal_Area&amp;quot;],PARAMETER[&amp;quot;False_Easting&amp;quot;,4321000.0],PARAMETER[&amp;quot;False_Northing&amp;quot;,3210000.0],PARAMETER[&amp;quot;Central_Meridian&amp;quot;,10.0],PARAMETER[&amp;quot;Latitude_Of_Origin&amp;quot;,52.0],UNIT[&amp;quot;Meter&amp;quot;,1.0],AUTHORITY[&amp;quot;EPSG&amp;quot;,3035]]&lt;/WKT&gt;&lt;XOrigin&gt;-8426600&lt;/XOrigin&gt;&lt;YOrigin&gt;-9526700&lt;/YOrigin&gt;&lt;XYScale&gt;353290001.83332509&lt;/XYScale&gt;&lt;ZOrigin&gt;-100000&lt;/ZOrigin&gt;&lt;ZScale&gt;10000&lt;/ZScale&gt;&lt;MOrigin&gt;-100000&lt;/MOrigin&gt;&lt;MScale&gt;10000&lt;/MScale&gt;&lt;XYTolerance&gt;0.001&lt;/XYTolerance&gt;&lt;ZTolerance&gt;0.001&lt;/ZTolerance&gt;&lt;MTolerance&gt;0.001&lt;/MTolerance&gt;&lt;HighPrecision&gt;true&lt;/HighPrecision&gt;&lt;WKID&gt;3035&lt;/WKID&gt;&lt;LatestWKID&gt;3035&lt;/LatestWKID&gt;&lt;/ProjectedCoordinateSystem&gt;</peXml></coordRef></DataProperties><SyncDate>20190124</SyncDate><SyncTime>12484800</SyncTime><ModDate>20190124</ModDate><ModTime>12484800</ModTime><ArcGISstyle>ISO 19139 Metadata Implementation Specification</ArcGISstyle></Esri><dataIdInfo><envirDesc Sync="TRUE">Microsoft Windows 7 Version 6.1 (Build 7601) Service Pack 1; Esri ArcGIS 10.6.0.8321</envirDesc><dataLang><languageCode value="deu" Sync="TRUE"></languageCode><countryCode value="DEU" Sync="TRUE"></countryCode></dataLang><idCitation><resTitle Sync="TRUE">WIND_Raik_ergaenzt2</resTitle><presForm><PresFormCd value="005" Sync="TRUE"></PresFormCd></presForm></idCitation><spatRpType><SpatRepTypCd value="001" Sync="TRUE"></SpatRepTypCd></spatRpType></dataIdInfo><mdLang><languageCode value="deu" Sync="TRUE"></languageCode><countryCode value="DEU" Sync="TRUE"></countryCode></mdLang><mdChar><CharSetCd value="004" Sync="TRUE"></CharSetCd></mdChar><distInfo><distFormat><formatName Sync="TRUE">Shapefile</formatName></distFormat><distTranOps><transSize Sync="TRUE">0.000</transSize></distTranOps></distInfo><mdHrLv><ScopeCd value="005" Sync="TRUE"></ScopeCd></mdHrLv><mdHrLvName Sync="TRUE">dataset</mdHrLvName><refSysInfo><RefSystem><refSysID><identCode code="3035" Sync="TRUE"></identCode><idCodeSpace Sync="TRUE">EPSG</idCodeSpace><idVersion Sync="TRUE">8.1(9.0.0)</idVersion></refSysID></RefSystem></refSysInfo><spatRepInfo><VectSpatRep><geometObjs Name="WIND_Raik_ergaenzt2"><geoObjTyp><GeoObjTypCd value="004" Sync="TRUE"></GeoObjTypCd></geoObjTyp><geoObjCnt Sync="TRUE">0</geoObjCnt></geometObjs><topLvl><TopoLevCd value="001" Sync="TRUE"></TopoLevCd></topLvl></VectSpatRep></spatRepInfo><spdoinfo><ptvctinf><esriterm Name="WIND_Raik_ergaenzt2"><efeatyp Sync="TRUE">Simple</efeatyp><efeageom code="1" Sync="TRUE"></efeageom><esritopo Sync="TRUE">FALSE</esritopo><efeacnt Sync="TRUE">0</efeacnt><spindex Sync="TRUE">FALSE</spindex><linrefer Sync="TRUE">FALSE</linrefer></esriterm></ptvctinf></spdoinfo><eainfo><detailed Name="WIND_Raik_ergaenzt2"><enttyp><enttypl Sync="TRUE">WIND_Raik_ergaenzt2</enttypl><enttypt Sync="TRUE">Feature Class</enttypt><enttypc Sync="TRUE">0</enttypc></enttyp><attr><attrlabl Sync="TRUE">FID</attrlabl><attalias Sync="TRUE">FID</attalias><attrtype Sync="TRUE">OID</attrtype><attwidth Sync="TRUE">4</attwidth><atprecis Sync="TRUE">0</atprecis><attscale Sync="TRUE">0</attscale><attrdef Sync="TRUE">Internal feature number.</attrdef><attrdefs Sync="TRUE">Esri</attrdefs><attrdomv><udom Sync="TRUE">Sequential unique whole numbers that are automatically generated.</udom></attrdomv></attr><attr><attrlabl Sync="TRUE">Shape</attrlabl><attalias Sync="TRUE">Shape</attalias><attrtype Sync="TRUE">Geometry</attrtype><attwidth Sync="TRUE">0</attwidth><atprecis Sync="TRUE">0</atprecis><attscale Sync="TRUE">0</attscale><attrdef Sync="TRUE">Feature geometry.</attrdef><attrdefs Sync="TRUE">Esri</attrdefs><attrdomv><udom Sync="TRUE">Coordinates defining the features.</udom></attrdomv></attr><attr><attrlabl Sync="TRUE">Join_Count</attrlabl><attalias Sync="TRUE">Join_Count</attalias><attrtype Sync="TRUE">Integer</attrtype><attwidth Sync="TRUE">10</attwidth><atprecis Sync="TRUE">10</atprecis><attscale Sync="TRUE">0</attscale></attr><attr><attrlabl Sync="TRUE">TARGET_FID</attrlabl><attalias Sync="TRUE">TARGET_FID</attalias><attrtype Sync="TRUE">Integer</attrtype><attwidth Sync="TRUE">10</attwidth><atprecis Sync="TRUE">10</atprecis><attscale Sync="TRUE">0</attscale></attr><attr><attrlabl Sync="TRUE">id</attrlabl><attalias Sync="TRUE">id</attalias><attrtype Sync="TRUE">Integer</attrtype><attwidth Sync="TRUE">10</attwidth><atprecis Sync="TRUE">10</atprecis><attscale Sync="TRUE">0</attscale></attr><attr><attrlabl Sync="TRUE">power</attrlabl><attalias Sync="TRUE">power</attalias><attrtype Sync="TRUE">Integer</attrtype><attwidth Sync="TRUE">10</attwidth><atprecis Sync="TRUE">10</atprecis><attscale Sync="TRUE">0</attscale></attr><attr><attrlabl Sync="TRUE">year</attrlabl><attalias Sync="TRUE">year</attalias><attrtype Sync="TRUE">Integer</attrtype><attwidth Sync="TRUE">10</attwidth><atprecis Sync="TRUE">10</atprecis><attscale Sync="TRUE">0</attscale></attr><attr><attrlabl Sync="TRUE">hubheight</attrlabl><attalias Sync="TRUE">hubheight</attalias><attrtype Sync="TRUE">Double</attrtype><attwidth Sync="TRUE">19</attwidth><atprecis Sync="TRUE">0</atprecis><attscale Sync="TRUE">0</attscale></attr><attr><attrlabl Sync="TRUE">diameter</attrlabl><attalias Sync="TRUE">diameter</attalias><attrtype Sync="TRUE">Integer</attrtype><attwidth Sync="TRUE">10</attwidth><atprecis Sync="TRUE">10</atprecis><attscale Sync="TRUE">0</attscale></attr><attr><attrlabl Sync="TRUE">lat</attrlabl><attalias Sync="TRUE">lat</attalias><attrtype Sync="TRUE">Double</attrtype><attwidth Sync="TRUE">19</attwidth><atprecis Sync="TRUE">0</atprecis><attscale Sync="TRUE">0</attscale></attr><attr><attrlabl Sync="TRUE">lon</attrlabl><attalias Sync="TRUE">lon</attalias><attrtype Sync="TRUE">Double</attrtype><attwidth Sync="TRUE">19</attwidth><atprecis Sync="TRUE">0</atprecis><attscale Sync="TRUE">0</attscale></attr><attr><attrlabl Sync="TRUE">Province</attrlabl><attalias Sync="TRUE">Province</attalias><attrtype Sync="TRUE">String</attrtype><attwidth Sync="TRUE">50</attwidth><atprecis Sync="TRUE">0</atprecis><attscale Sync="TRUE">0</attscale></attr><attr><attrlabl Sync="TRUE">height</attrlabl><attalias Sync="TRUE">height</attalias><attrtype Sync="TRUE">Double</attrtype><attwidth Sync="TRUE">19</attwidth><atprecis Sync="TRUE">0</atprecis><attscale Sync="TRUE">0</attscale></attr><attr><attrlabl Sync="TRUE">BS_dmy</attrlabl><attalias Sync="TRUE">BS_dmy</attalias><attrtype Sync="TRUE">Date</attrtype><attwidth Sync="TRUE">8</attwidth><atprecis Sync="TRUE">0</atprecis><attscale Sync="TRUE">0</attscale></attr><attr><attrlabl Sync="TRUE">areaWT3x5D</attrlabl><attalias Sync="TRUE">areaWT3x5D</attalias><attrtype Sync="TRUE">Single</attrtype><attwidth Sync="TRUE">13</attwidth><atprecis Sync="TRUE">0</atprecis><attscale Sync="TRUE">0</attscale></attr><attr><attrlabl Sync="TRUE">Leist_MW</attrlabl><attalias Sync="TRUE">Leist_MW</attalias><attrtype Sync="TRUE">Single</attrtype><attwidth Sync="TRUE">13</attwidth><atprecis Sync="TRUE">0</atprecis><attscale Sync="TRUE">0</attscale></attr><attr><attrlabl Sync="TRUE">FLWT3x5Dha</attrlabl><attalias Sync="TRUE">FLWT3x5Dha</attalias><attrtype Sync="TRUE">Single</attrtype><attwidth Sync="TRUE">13</attwidth><atprecis Sync="TRUE">0</atprecis><attscale Sync="TRUE">0</attscale></attr><attr><attrlabl Sync="TRUE">MW_je_ha</attrlabl><attalias Sync="TRUE">MW_je_ha</attalias><attrtype Sync="TRUE">Single</attrtype><attwidth Sync="TRUE">13</attwidth><atprecis Sync="TRUE">0</atprecis><attscale Sync="TRUE">0</attscale></attr><attr><attrlabl Sync="TRUE">FLWTFun</attrlabl><attalias Sync="TRUE">FLWTFun</attalias><attrtype Sync="TRUE">Single</attrtype><attwidth Sync="TRUE">13</attwidth><atprecis Sync="TRUE">0</atprecis><attscale Sync="TRUE">0</attscale></attr><attr><attrlabl Sync="TRUE">MW_je_ha_f</attrlabl><attalias Sync="TRUE">MW_je_ha_f</attalias><attrtype Sync="TRUE">Single</attrtype><attwidth Sync="TRUE">13</attwidth><atprecis Sync="TRUE">0</atprecis><attscale Sync="TRUE">0</attscale></attr><attr><attrlabl Sync="TRUE">ID_1</attrlabl><attalias Sync="TRUE">ID_1</attalias><attrtype Sync="TRUE">Double</attrtype><attwidth Sync="TRUE">19</attwidth><atprecis Sync="TRUE">0</atprecis><attscale Sync="TRUE">0</attscale></attr><attr><attrlabl Sync="TRUE">installier</attrlabl><attalias Sync="TRUE">installier</attalias><attrtype Sync="TRUE">Double</attrtype><attwidth Sync="TRUE">19</attwidth><atprecis Sync="TRUE">0</atprecis><attscale Sync="TRUE">0</attscale></attr><attr><attrlabl Sync="TRUE">Inbetriebn</attrlabl><attalias Sync="TRUE">Inbetriebn</attalias><attrtype Sync="TRUE">Double</attrtype><attwidth Sync="TRUE">19</attwidth><atprecis Sync="TRUE">0</atprecis><attscale Sync="TRUE">0</attscale></attr><attr><attrlabl Sync="TRUE">Anlagenhö</attrlabl><attalias Sync="TRUE">Anlagenhö</attalias><attrtype Sync="TRUE">Double</attrtype><attwidth Sync="TRUE">19</attwidth><atprecis Sync="TRUE">0</atprecis><attscale Sync="TRUE">0</attscale></attr><attr><attrlabl Sync="TRUE">Nabenhöhe</attrlabl><attalias Sync="TRUE">Nabenhöhe</attalias><attrtype Sync="TRUE">Double</attrtype><attwidth Sync="TRUE">19</attwidth><atprecis Sync="TRUE">0</atprecis><attscale Sync="TRUE">0</attscale></attr><attr><attrlabl Sync="TRUE">Rotordurch</attrlabl><attalias Sync="TRUE">Rotordurch</attalias><attrtype Sync="TRUE">Double</attrtype><attwidth Sync="TRUE">19</attwidth><atprecis Sync="TRUE">0</atprecis><attscale Sync="TRUE">0</attscale></attr><attr><attrlabl Sync="TRUE">lat_1</attrlabl><attalias Sync="TRUE">lat_1</attalias><attrtype Sync="TRUE">Double</attrtype><attwidth Sync="TRUE">19</attwidth><atprecis Sync="TRUE">0</atprecis><attscale Sync="TRUE">0</attscale></attr><attr><attrlabl Sync="TRUE">lon_1</attrlabl><attalias Sync="TRUE">lon_1</attalias><attrtype Sync="TRUE">Double</attrtype><attwidth Sync="TRUE">19</attwidth><atprecis Sync="TRUE">0</atprecis><attscale Sync="TRUE">0</attscale></attr><attr><attrlabl Sync="TRUE">Inbetrie_1</attrlabl><attalias Sync="TRUE">Inbetrie_1</attalias><attrtype Sync="TRUE">String</attrtype><attwidth Sync="TRUE">254</attwidth><atprecis Sync="TRUE">0</atprecis><attscale Sync="TRUE">0</attscale></attr><attr><attrlabl Sync="TRUE">Anlagenh_1</attrlabl><attalias Sync="TRUE">Anlagenh_1</attalias><attrtype Sync="TRUE">String</attrtype><attwidth Sync="TRUE">254</attwidth><atprecis Sync="TRUE">0</atprecis><attscale Sync="TRUE">0</attscale></attr><attr><attrlabl Sync="TRUE">Nabenhö_1</attrlabl><attalias Sync="TRUE">Nabenhö_1</attalias><attrtype Sync="TRUE">String</attrtype><attwidth Sync="TRUE">254</attwidth><atprecis Sync="TRUE">0</atprecis><attscale Sync="TRUE">0</attscale></attr><attr><attrlabl Sync="TRUE">Rotordur_1</attrlabl><attalias Sync="TRUE">Rotordur_1</attalias><attrtype Sync="TRUE">String</attrtype><attwidth Sync="TRUE">254</attwidth><atprecis Sync="TRUE">0</atprecis><attscale Sync="TRUE">0</attscale></attr><attr><attrlabl Sync="TRUE">WEA_2017_I</attrlabl><attalias Sync="TRUE">WEA_2017_I</attalias><attrtype Sync="TRUE">Double</attrtype><attwidth Sync="TRUE">19</attwidth><atprecis Sync="TRUE">0</atprecis><attscale Sync="TRUE">0</attscale></attr><attr><attrlabl Sync="TRUE">WEA_2017_1</attrlabl><attalias Sync="TRUE">WEA_2017_1</attalias><attrtype Sync="TRUE">String</attrtype><attwidth Sync="TRUE">254</attwidth><atprecis Sync="TRUE">0</atprecis><attscale Sync="TRUE">0</attscale></attr><attr><attrlabl Sync="TRUE">WEA_2017_2</attrlabl><attalias Sync="TRUE">WEA_2017_2</attalias><attrtype Sync="TRUE">String</attrtype><attwidth Sync="TRUE">254</attwidth><atprecis Sync="TRUE">0</atprecis><attscale Sync="TRUE">0</attscale></attr><attr><attrlabl Sync="TRUE">WEA_2017_3</attrlabl><attalias Sync="TRUE">WEA_2017_3</attalias><attrtype Sync="TRUE">String</attrtype><attwidth Sync="TRUE">254</attwidth><atprecis Sync="TRUE">0</atprecis><attscale Sync="TRUE">0</attscale></attr><attr><attrlabl Sync="TRUE">WEA_2017_4</attrlabl><attalias Sync="TRUE">WEA_2017_4</attalias><attrtype Sync="TRUE">Double</attrtype><attwidth Sync="TRUE">19</attwidth><atprecis Sync="TRUE">0</atprecis><attscale Sync="TRUE">0</attscale></attr><attr><attrlabl Sync="TRUE">WEA_2017_5</attrlabl><attalias Sync="TRUE">WEA_2017_5</attalias><attrtype Sync="TRUE">String</attrtype><attwidth Sync="TRUE">254</attwidth><atprecis Sync="TRUE">0</atprecis><attscale Sync="TRUE">0</attscale></attr><attr><attrlabl Sync="TRUE">WEA_2017_6</attrlabl><attalias Sync="TRUE">WEA_2017_6</attalias><attrtype Sync="TRUE">Double</attrtype><attwidth Sync="TRUE">19</attwidth><atprecis Sync="TRUE">0</atprecis><attscale Sync="TRUE">0</attscale></attr><attr><attrlabl Sync="TRUE">WEA_2017_7</attrlabl><attalias Sync="TRUE">WEA_2017_7</attalias><attrtype Sync="TRUE">Double</attrtype><attwidth Sync="TRUE">19</attwidth><atprecis Sync="TRUE">0</atprecis><attscale Sync="TRUE">0</attscale></attr><attr><attrlabl Sync="TRUE">WEA_2017_8</attrlabl><attalias Sync="TRUE">WEA_2017_8</attalias><attrtype Sync="TRUE">Double</attrtype><attwidth Sync="TRUE">19</attwidth><atprecis Sync="TRUE">0</atprecis><attscale Sync="TRUE">0</attscale></attr><attr><attrlabl Sync="TRUE">WEA_2017_9</attrlabl><attalias Sync="TRUE">WEA_2017_9</attalias><attrtype Sync="TRUE">Double</attrtype><attwidth Sync="TRUE">19</attwidth><atprecis Sync="TRUE">0</atprecis><attscale Sync="TRUE">0</attscale></attr><attr><attrlabl Sync="TRUE">WEA_201_10</attrlabl><attalias Sync="TRUE">WEA_201_10</attalias><attrtype Sync="TRUE">String</attrtype><attwidth Sync="TRUE">254</attwidth><atprecis Sync="TRUE">0</atprecis><attscale Sync="TRUE">0</attscale></attr><attr><attrlabl Sync="TRUE">jahr_erg</attrlabl><attalias Sync="TRUE">jahr_erg</attalias><attrtype Sync="TRUE">String</attrtype><attwidth Sync="TRUE">254</attwidth><atprecis Sync="TRUE">0</atprecis><attscale Sync="TRUE">0</attscale></attr></detailed></eainfo><mdDateSt Sync="TRUE">20190124</mdDateSt></metadata>
